ID,SKU,Name,"Attribute 1 name","Attribute 1 value(s)","Attribute 1 visible","Attribute 1 global","Attribute 2 name","Attribute 2 value(s)","Attribute 2 visible","Attribute 2 global","Attribute 3 name","Attribute 3 value(s)","Attribute 3 visible","Attribute 3 global","Attribute 4 name","Attribute 4 value(s)","Attribute 4 visible","Attribute 4 global","Attribute 5 name","Attribute 5 value(s)","Attribute 5 visible","Attribute 5 global","Attribute 6 name","Attribute 6 value(s)","Attribute 6 visible","Attribute 6 global","Attribute 7 name","Attribute 7 value(s)","Attribute 7 visible","Attribute 7 global","Attribute 8 name","Attribute 8 value(s)","Attribute 8 visible","Attribute 8 global","Attribute 9 name","Attribute 9 value(s)","Attribute 9 visible","Attribute 9 global","Attribute 10 name","Attribute 10 value(s)","Attribute 10 visible","Attribute 10 global","Attribute 11 name","Attribute 11 value(s)","Attribute 11 visible","Attribute 11 global","Attribute 12 name","Attribute 12 value(s)","Attribute 12 visible","Attribute 12 global"
6145,CDM-7716FA,"Étui de violon Rapsody Elegance rectangular 4/4",Instrument,Violon,1,1,Marque,Rapsody,1,1,Modèle,Elegance,1,1,"Type produit",Étui,1,1,Taille,4/4,1,1,Couleur,"Bordeaux, Noir",1,0,Matière,,0,0,Poids,,0,0,Forme,Rectangulaire,1,0,"Capacité archets",,0,0,Roulettes,,0,0,Variante,,0,0
6146,CDM-963046,"Étui de violon Artist Dynamic Rocket avec poche partitions 4/4",Instrument,Violon,1,1,Marque,Artist,1,1,Modèle,"Dynamic Rocket",1,1,"Type produit",Étui,1,1,Taille,4/4,1,1,Couleur,"Blanc, Bleu, Bleu ciel, Noir, Rouge grenat",1,0,Matière,"Fibre de carbone, Polycarbonate",1,0,Poids,,0,0,Forme,"Rocket, Avec poche partitions, Finition 3D",1,0,"Capacité archets",,0,0,Roulettes,,0,0,Variante,,0,0
6147,CDM-D26898,"Étui de violoncelle Artist Dynamic 4/4",Instrument,Violoncelle,1,1,Marque,Artist,1,1,Modèle,Dynamic,1,1,"Type produit",Étui,1,1,Taille,4/4,1,1,Couleur,"Aluminium brossé, Blanc, Bleu, Bleu ciel, Noir, Rouge",1,0,Matière,"Fibre de carbone, Polycarbonate, Aluminium",1,0,Poids,"4,2 kg",1,0,Forme,"Avec poche partitions, Finition 3D",1,0,"Capacité archets",,0,0,Roulettes,,0,0,Variante,,0,0
6148,CDM-78CFE1,"Étui de contrebasse Artist Dynamic",Instrument,Contrebasse,1,1,Marque,Artist,1,1,Modèle,Dynamic,1,1,"Type produit",Étui,1,1,Taille,,0,1,Couleur,"Aluminium brossé, Noir",1,0,Matière,"Fibre de carbone, Polycarbonate, Aluminium",1,0,Poids,"14,5 kg",1,0,Forme,"Avec roues, Finition 3D",1,0,"Capacité archets",,0,0,Roulettes,Oui,1,0,Variante,,0,0
6150,CDM-1EC559,"Colophane violoncelle Wiedoeft",Instrument,Violoncelle,1,1,Marque,Wiedoeft,1,1,Modèle,,0,1,"Type produit",Colophane,1,1,Taille,,0,1,Couleur,,0,0,Matière,,0,0,Poids,,0,0,Forme,,0,0,"Capacité archets",,0,0,Roulettes,,0,0,Variante,Forme,1,0
6153,CDM-68CAA4,"Colophane alto Wiedoeft",Instrument,Alto,1,1,Marque,Wiedoeft,1,1,Modèle,,0,1,"Type produit",Colophane,1,1,Taille,,0,1,Couleur,,0,0,Matière,,0,0,Poids,,0,0,Forme,,0,0,"Capacité archets",,0,0,Roulettes,,0,0,Variante,Forme,1,0
6156,CDM-A34193,"Colophane violon Wiedoeft",Instrument,Violon,1,1,Marque,Wiedoeft,1,1,Modèle,,0,1,"Type produit",Colophane,1,1,Taille,,0,1,Couleur,,0,0,Matière,,0,0,Poids,,0,0,Forme,,0,0,"Capacité archets",,0,0,Roulettes,,0,0,Variante,Forme,1,0
6159,CDM-643D82,"Étui pour 2 archets contrebasse Rapsody 250",Instrument,Contrebasse,1,1,Marque,Rapsody,1,1,Modèle,250,1,1,"Type produit","Étui pour archet",1,1,Taille,,0,1,Couleur,,0,0,Matière,,0,0,Poids,,0,0,Forme,,0,0,"Capacité archets",2,1,0,Roulettes,,0,0,Variante,,0,0
6164,CDM-70956F,"Étui de violon Rapsody Elegance rectangular 4/4 Navy blue bleu marino 4/4",Instrument,Violon,1,1,Marque,Rapsody,1,1,Modèle,Elegance,1,1,"Type produit",Étui,1,1,Taille,4/4,1,1,Couleur,Bleu,1,0,Matière,,0,0,Poids,,0,0,Forme,Rectangulaire,1,0,"Capacité archets",,0,0,Roulettes,,0,0,Variante,,0,0
6176,CDM-F6BF9F,"Étui violon Rapsody Elegance Rectangular 3/4 Noir",Instrument,Violon,1,1,Marque,Rapsody,1,1,Modèle,Elegance,1,1,"Type produit",Étui,1,1,Taille,3/4,1,1,Couleur,Noir,1,0,Matière,,0,0,Poids,"1,6 kg",1,0,Forme,Rectangulaire,1,0,"Capacité archets",,0,0,Roulettes,,0,0,Variante,,0,0
6180,CDM-89106C,"Étui pour 6 archets violon/alto/violoncelle Rapsody CSW006 4/4",Instrument,"Violon, Alto, Violoncelle",1,1,Marque,Rapsody,1,1,Modèle,CSW006,1,1,"Type produit","Étui pour archet",1,1,Taille,4/4,1,1,Couleur,,0,0,Matière,,0,0,Poids,,0,0,Forme,,0,0,"Capacité archets",6,1,0,Roulettes,,0,0,Variante,,0,0
6186,CDM-0FD02D,"Étui de violon Artist Dynamic Rocket avec poche partitions 4/4 Aluminium brossé",Instrument,Violon,1,1,Marque,Artist,1,1,Modèle,"Dynamic Rocket",1,1,"Type produit",Étui,1,1,Taille,4/4,1,1,Couleur,"Aluminium brossé",1,0,Matière,"Fibre de carbone, Polycarbonate, Aluminium",1,0,Poids,,0,0,Forme,"Rocket, Avec poche partitions, Finition 3D",1,0,"Capacité archets",,0,0,Roulettes,,0,0,Variante,,0,0
6270,CDM-944468,"Colophane violoncelle Hidersine Deluxe 6CX",Instrument,Violoncelle,1,1,Marque,Hidersine,1,1,Modèle,"Deluxe 6CX",1,1,"Type produit",Colophane,1,1,Taille,,0,1,Couleur,,0,0,Matière,,0,0,Poids,"30 g",1,0,Forme,,0,0,"Capacité archets",,0,0,Roulettes,,0,0,Variante,,0,0
6273,CDM-E8B4A6,"Colophane violon Hidersine Deluxe 6VX",Instrument,Violon,1,1,Marque,Hidersine,1,1,Modèle,"Deluxe 6VX",1,1,"Type produit",Colophane,1,1,Taille,,0,1,Couleur,,0,0,Matière,,0,0,Poids,"30 g",1,0,Forme,,0,0,"Capacité archets",,0,0,Roulettes,,0,0,Variante,,0,0
6277,CDM-A99247,"Sourdine pour violon/alto Alpine Mute Artist",Instrument,"Violon, Alto",1,1,Marque,"Alpine Mute",1,1,Modèle,Artist,1,1,"Type produit",Sourdine,1,1,Taille,,0,1,Couleur,,0,0,Matière,,0,0,Poids,,0,0,Forme,,0,0,"Capacité archets",,0,0,Roulettes,,0,0,Variante,,0,0
6279,CDM-74234A,"Colophane violoncelle Petz Wooden box",Instrument,Violoncelle,1,1,Marque,Petz,1,1,Modèle,"Wooden box",1,1,"Type produit",Colophane,1,1,Taille,,0,1,Couleur,,0,0,Matière,Bois,1,0,Poids,,0,0,Forme,,0,0,"Capacité archets",,0,0,Roulettes,,0,0,Variante,,0,0
6282,CDM-9AACBB,"Colophane violon/alto Petz Wooden box",Instrument,"Violon, Alto",1,1,Marque,Petz,1,1,Modèle,"Wooden box",1,1,"Type produit",Colophane,1,1,Taille,,0,1,Couleur,,0,0,Matière,Bois,1,0,Poids,,0,0,Forme,,0,0,"Capacité archets",,0,0,Roulettes,,0,0,Variante,,0,0
6285,CDM-91536A,"Colophane violoncelle Petz Solist hard",Instrument,Violoncelle,1,1,Marque,Petz,1,1,Modèle,"Solist hard",1,1,"Type produit",Colophane,1,1,Taille,,0,1,Couleur,,0,0,Matière,,0,0,Poids,,0,0,Forme,,0,0,"Capacité archets",,0,0,Roulettes,,0,0,Variante,,0,0
6288,CDM-5A2D0C,"Colophane contrebasse Petz Bass Hard",Instrument,Contrebasse,1,1,Marque,Petz,1,1,Modèle,"Bass Hard",1,1,"Type produit",Colophane,1,1,Taille,,0,1,Couleur,,0,0,Matière,,0,0,Poids,,0,0,Forme,,0,0,"Capacité archets",,0,0,Roulettes,,0,0,Variante,Forme,1,0
6291,CDM-8E48BC,"Colophane contrebasse Petz Bass Medium",Instrument,Contrebasse,1,1,Marque,Petz,1,1,Modèle,"Bass Medium",1,1,"Type produit",Colophane,1,1,Taille,,0,1,Couleur,,0,0,Matière,,0,0,Poids,,0,0,Forme,,0,0,"Capacité archets",,0,0,Roulettes,,0,0,Variante,Forme,1,0
6294,CDM-4C7579,"Colophane contrebasse Petz Bass Soft",Instrument,Contrebasse,1,1,Marque,Petz,1,1,Modèle,"Bass Soft",1,1,"Type produit",Colophane,1,1,Taille,,0,1,Couleur,,0,0,Matière,,0,0,Poids,,0,0,Forme,,0,0,"Capacité archets",,0,0,Roulettes,,0,0,Variante,Forme,1,0
6297,CDM-F16822,"Sourdine pour alto WMutes Duo Pack Matte black noire mate",Instrument,"Violon, Alto",1,1,Marque,WMutes,1,1,Modèle,"Duo Pack",1,1,"Type produit",Sourdine,1,1,Taille,,0,1,Couleur,Noir,1,0,Matière,Bois,1,0,Poids,,0,0,Forme,,0,0,"Capacité archets",,0,0,Roulettes,,0,0,Variante,,0,0
6300,CDM-DFE88E,"Étui de violon Rapsody Compact 4/4 /black bleu/noire",Instrument,Violon,1,1,Marque,Rapsody,1,1,Modèle,"Compact / /noire",1,1,"Type produit",Étui,1,1,Taille,4/4,1,1,Couleur,"Noir, Bleu",1,0,Matière,,0,0,Poids,"1,75 kg",1,0,Forme,,0,0,"Capacité archets",,0,0,Roulettes,,0,0,Variante,,0,0
6306,CDM-FEBBC4,"Étui de violon Rapsody Compact 4/4 /black Burdeos/noire",Instrument,Violon,1,1,Marque,Rapsody,1,1,Modèle,"Compact / Burdeos/noire",1,1,"Type produit",Étui,1,1,Taille,4/4,1,1,Couleur,"Noir, Bordeaux",1,0,Matière,,0,0,Poids,"1,75 kg",1,0,Forme,,0,0,"Capacité archets",,0,0,Roulettes,,0,0,Variante,,0,0
6311,CDM-A17795,"Sourdine pour contrebasse Tourte 2 trous",Instrument,Contrebasse,1,1,Marque,Tourte,1,1,Modèle,"2 trous",1,1,"Type produit",Sourdine,1,1,Taille,,0,1,Couleur,,0,0,Matière,Caoutchouc,1,0,Poids,,0,0,Forme,,0,0,"Capacité archets",,0,0,Roulettes,,0,0,Variante,,0,0
6313,CDM-EF412F,"Sourdine pour violoncelle Ultra",Instrument,Violoncelle,1,1,Marque,Ultra,1,1,Modèle,Ultra,1,1,"Type produit",Sourdine,1,1,Taille,,0,1,Couleur,,0,0,Matière,Caoutchouc,1,0,Poids,,0,0,Forme,,0,0,"Capacité archets",,0,0,Roulettes,,0,0,Variante,,0,0
6314,CDM-B69AB9,"Étui de violoncelle Artist Ultralight 4/4",Instrument,Violoncelle,1,1,Marque,Artist,1,1,Modèle,Ultralight,1,1,"Type produit",Étui,1,1,Taille,4/4,1,1,Couleur,"Aluminium brossé, Claire, Blanc, Claire, Bleu, Claire, Lilas, Claire, Noir, Claire, Rouge, Claire, Turquoise, Claire",1,0,Matière,"Fibre de carbone, Aluminium, Cuir",1,0,Poids,"2,7 kg",1,0,Forme,,0,0,"Capacité archets",,0,0,Roulettes,,0,0,Variante,,0,0
6316,CDM-0D038C,"Colophane violon/alto Thomastik Dominant",Instrument,"Violon, Alto",1,1,Marque,Thomastik,1,1,Modèle,Dominant,1,1,"Type produit",Colophane,1,1,Taille,,0,1,Couleur,,0,0,Matière,,0,0,Poids,,0,0,Forme,,0,0,"Capacité archets",,0,0,Roulettes,,0,0,Variante,,0,0
6318,CDM-2BA5E3,"Colophane violon/alto Pirastro Schwartz",Instrument,"Violon, Alto",1,1,Marque,Pirastro,1,1,Modèle,Schwartz,1,1,"Type produit",Colophane,1,1,Taille,,0,1,Couleur,,0,0,Matière,Acier,1,0,Poids,,0,0,Forme,,0,0,"Capacité archets",,0,0,Roulettes,,0,0,Variante,,0,0
6381,CDM-1BFD86,"Étui de violoncelle Artist Ultralight 4/4 Lavender Lavanda",Instrument,Violoncelle,1,1,Marque,Artist,1,1,Modèle,Ultralight,1,1,"Type produit",Étui,1,1,Taille,4/4,1,1,Couleur,Claire,1,0,Matière,"Fibre de carbone, Aluminium, Cuir",1,0,Poids,"2,7 kg",1,0,Forme,,0,0,"Capacité archets",,0,0,Roulettes,,0,0,Variante,,0,0
6388,CDM-07C5C0,"Colophane violon/alto/violoncelle Corelli Gustave Bernardel",Instrument,"Violon, Alto, Violoncelle",1,1,Marque,Corelli,1,1,Modèle,"Gustave Bernardel",1,1,"Type produit",Colophane,1,1,Taille,,0,1,Couleur,,0,0,Matière,,0,0,Poids,,0,0,Forme,,0,0,"Capacité archets",,0,0,Roulettes,,0,0,Variante,,0,0
6392,CDM-1D329B,"Pâte pour chevilles Pirastro Peg Compound",Instrument,,0,1,Marque,Pirastro,1,1,Modèle,"Peg Compound",1,1,"Type produit",Entretien,1,1,Taille,,0,1,Couleur,,0,0,Matière,,0,0,Poids,,0,0,Forme,,0,0,"Capacité archets",,0,0,Roulettes,,0,0,Variante,,0,0
6394,CDM-E2729A,"Étui pour 24 archets violon/alto/violoncelle Rapsody CSW024",Instrument,"Violon, Alto, Violoncelle",1,1,Marque,Rapsody,1,1,Modèle,CSW024,1,1,"Type produit","Étui pour archet",1,1,Taille,,0,1,Couleur,,0,0,Matière,,0,0,Poids,,0,0,Forme,,0,0,"Capacité archets",24,1,0,Roulettes,,0,0,Variante,,0,0
6400,CDM-3A2495,"Housse violoncelle Rapsody ACTB 1/2",Instrument,Violoncelle,1,1,Marque,Rapsody,1,1,Modèle,ACTB,1,1,"Type produit",Housse,1,1,Taille,"1/2, 7/8",1,1,Couleur,,0,0,Matière,Plastique,1,0,Poids,,0,0,Forme,,0,0,"Capacité archets",,0,0,Roulettes,,0,0,Variante,,0,0
6402,CDM-36CB7B,"Housse violoncelle Rapsody ACTB 1/4",Instrument,Violoncelle,1,1,Marque,Rapsody,1,1,Modèle,ACTB,1,1,"Type produit",Housse,1,1,Taille,"1/4, 7/8",1,1,Couleur,,0,0,Matière,Plastique,1,0,Poids,,0,0,Forme,,0,0,"Capacité archets",,0,0,Roulettes,,0,0,Variante,,0,0
6404,CDM-B5AEA7,"Colophane contrebasse Super-Sensitive Clarity verano 9252",Instrument,Contrebasse,1,1,Marque,Super-Sensitive,1,1,Modèle,"Clarity verano 9252",1,1,"Type produit",Colophane,1,1,Taille,,0,1,Couleur,,0,0,Matière,,0,0,Poids,,0,0,Forme,,0,0,"Capacité archets",,0,0,Roulettes,,0,0,Variante,,0,0
6406,CDM-0CE200,"Étui de violon Rapsody Rocket Cabina 4/4",Instrument,Violon,1,1,Marque,Rapsody,1,1,Modèle,Rocket,1,1,"Type produit",Étui,1,1,Taille,4/4,1,1,Couleur,"Blanc, Noir, Turquoise",1,0,Matière,,0,0,Poids,"1,5 kg",1,0,Forme,"Forme, Rocket, Finition 3D",1,0,"Capacité archets",,0,0,Roulettes,,0,0,Variante,,0,0
6408,CDM-B07B63,"Colophane violoncelle Nyman-Harts",Instrument,Violoncelle,1,1,Marque,Nyman-Harts,1,1,Modèle,,0,1,"Type produit",Colophane,1,1,Taille,,0,1,Couleur,,0,0,Matière,Plastique,1,0,Poids,,0,0,Forme,,0,0,"Capacité archets",,0,0,Roulettes,,0,0,Variante,,0,0
6411,CDM-24F9B9,"Colophane contrebasse Nyman-Harts",Instrument,Contrebasse,1,1,Marque,Nyman-Harts,1,1,Modèle,,0,1,"Type produit",Colophane,1,1,Taille,,0,1,Couleur,,0,0,Matière,Plastique,1,0,Poids,,0,0,Forme,,0,0,"Capacité archets",,0,0,Roulettes,,0,0,Variante,,0,0
6414,CDM-299651,"Colophane violon/alto Nyman-Harts",Instrument,"Violon, Alto",1,1,Marque,Nyman-Harts,1,1,Modèle,,0,1,"Type produit",Colophane,1,1,Taille,,0,1,Couleur,,0,0,Matière,Plastique,1,0,Poids,,0,0,Forme,,0,0,"Capacité archets",,0,0,Roulettes,,0,0,Variante,,0,0
6417,CDM-4D5C20,"Étui doble pour violon Rapsody Duo 4/4",Instrument,Violon,1,1,Marque,Rapsody,1,1,Modèle,Duo,1,1,"Type produit",Étui,1,1,Taille,4/4,1,1,Couleur,,0,0,Matière,,0,0,Poids,"6 kg",1,0,Forme,,0,0,"Capacité archets",,0,0,Roulettes,,0,0,Variante,,0,0
6423,CDM-E8FBB5,"Housse violoncelle Rapsody ACTB 3/4",Instrument,Violoncelle,1,1,Marque,Rapsody,1,1,Modèle,ACTB,1,1,"Type produit",Housse,1,1,Taille,"3/4, 7/8",1,1,Couleur,,0,0,Matière,Plastique,1,0,Poids,,0,0,Forme,,0,0,"Capacité archets",,0,0,Roulettes,,0,0,Variante,,0,0
6424,CDM-6D11F4,"Housse violoncelle Rapsody ACTB 4/4",Instrument,Violoncelle,1,1,Marque,Rapsody,1,1,Modèle,ACTB,1,1,"Type produit",Housse,1,1,Taille,"4/4, 7/8",1,1,Couleur,,0,0,Matière,Plastique,1,0,Poids,,0,0,Forme,,0,0,"Capacité archets",,0,0,Roulettes,,0,0,Variante,,0,0
6425,CDM-BF3511,"Housse violoncelle Rapsody ACTB 7/8",Instrument,Violoncelle,1,1,Marque,Rapsody,1,1,Modèle,ACTB,1,1,"Type produit",Housse,1,1,Taille,"7/8, 4/4",1,1,Couleur,,0,0,Matière,Plastique,1,0,Poids,,0,0,Forme,,0,0,"Capacité archets",,0,0,Roulettes,,0,0,Variante,,0,0
6427,CDM-12217D,"Épaulière violon Kun Bravo Collapsible",Instrument,Violon,1,1,Marque,Kun,1,1,Modèle,"Bravo Collapsible",1,1,"Type produit",Épaulière,1,1,Taille,4/4,1,1,Couleur,,0,0,Matière,Érable,1,0,Poids,,0,0,Forme,,0,0,"Capacité archets",,0,0,Roulettes,,0,0,Variante,Forme,1,0
6432,CDM-959677,"Sourdine pour violon D'Addario Spector Mute Copper Cobre",Instrument,Violon,1,1,Marque,D'Addario,1,1,Modèle,"Spector Mute",1,1,"Type produit",Sourdine,1,1,Taille,,0,1,Couleur,,0,0,Matière,,0,0,Poids,,0,0,Forme,,0,0,"Capacité archets",,0,0,Roulettes,,0,0,Variante,,0,0
6436,CDM-99AFB5,"Sourdine pour violon D'Addario Spector Mute Noir",Instrument,Violon,1,1,Marque,D'Addario,1,1,Modèle,"Spector Mute",1,1,"Type produit",Sourdine,1,1,Taille,,0,1,Couleur,Noir,1,0,Matière,,0,0,Poids,,0,0,Forme,,0,0,"Capacité archets",,0,0,Roulettes,,0,0,Variante,,0,0
6438,CDM-B7F2D2,"Sourdine pour contrebasse Hill ébène",Instrument,Contrebasse,1,1,Marque,"W.E. Hill",1,1,Modèle,Hill,1,1,"Type produit",Sourdine,1,1,Taille,,0,1,Couleur,Ébène,1,0,Matière,Ébène,1,0,Poids,,0,0,Forme,,0,0,"Capacité archets",,0,0,Roulettes,,0,0,Variante,,0,0
6440,CDM-F4FF43,"Colophane violoncelle Pirastro violoncelle",Instrument,Violoncelle,1,1,Marque,Pirastro,1,1,Modèle,,0,1,"Type produit",Colophane,1,1,Taille,,0,1,Couleur,,0,0,Matière,,0,0,Poids,,0,0,Forme,,0,0,"Capacité archets",,0,0,Roulettes,,0,0,Variante,,0,0
6442,CDM-F0159A,"Colophane violon/alto Pirastro Obligato/Violino",Instrument,"Violon, Alto",1,1,Marque,Pirastro,1,1,Modèle,Obligato/Violino,1,1,"Type produit",Colophane,1,1,Taille,,0,1,Couleur,,0,0,Matière,,0,0,Poids,,0,0,Forme,,0,0,"Capacité archets",,0,0,Roulettes,,0,0,Variante,,0,0
6444,CDM-B0B2C9,"Épaulière alto Kun Bravo Collapsible",Instrument,Alto,1,1,Marque,Kun,1,1,Modèle,"Bravo Collapsible",1,1,"Type produit",Épaulière,1,1,Taille,"15""-16,5""",1,1,Couleur,,0,0,Matière,Érable,1,0,Poids,,0,0,Forme,,0,0,"Capacité archets",,0,0,Roulettes,,0,0,Variante,Forme,1,0
6449,CDM-305DC3,"Crème protectrice pour les doigts Pirastro Finger Protect",Instrument,,0,1,Marque,Pirastro,1,1,Modèle,"Finger Protect",1,1,"Type produit",Entretien,1,1,Taille,,0,1,Couleur,,0,0,Matière,,0,0,Poids,,0,0,Forme,,0,0,"Capacité archets",,0,0,Roulettes,,0,0,Variante,,0,0
6451,CDM-AD47A1,"1470 Colophane violon Hill claire",Instrument,Violon,1,1,Marque,"W.E. Hill",1,1,Modèle,"1470 Hill",1,1,"Type produit",Colophane,1,1,Taille,,0,1,Couleur,Claire,1,0,Matière,,0,0,Poids,,0,0,Forme,,0,0,"Capacité archets",,0,0,Roulettes,,0,0,Variante,,0,0
6458,CDM-4D25F1,"Colophane violon Hill foncée",Instrument,Violon,1,1,Marque,"W.E. Hill",1,1,Modèle,Hill,1,1,"Type produit",Colophane,1,1,Taille,,0,1,Couleur,Foncée,1,0,Matière,,0,0,Poids,"28 g",1,0,Forme,,0,0,"Capacité archets",,0,0,Roulettes,,0,0,Variante,,0,0
6459,CDM-070470,"Étui de violon Rapsody Rainbow forma 4/4",Instrument,Violon,1,1,Marque,Rapsody,1,1,Modèle,Rainbow,1,1,"Type produit",Étui,1,1,Taille,4/4,1,1,Couleur,"Blanc, Bleu, Gris, Lilas, Menthe, Noir, Rose, Rouge, Turquoise",1,0,Matière,"Fibre de carbone, Polycarbonate",1,0,Poids,"1,9 kg",1,0,Forme,Forme,1,0,"Capacité archets",,0,0,Roulettes,,0,0,Variante,,0,0
6460,CDM-60C311,"Étui de violon Rapsody rectangular Rainbow 4/4",Instrument,Violon,1,1,Marque,Rapsody,1,1,Modèle,Rainbow,1,1,"Type produit",Étui,1,1,Taille,4/4,1,1,Couleur,"Bleu, Menthe, Noir, Rose, Rouge",1,0,Matière,"Fibre de carbone, Polycarbonate",1,0,Poids,"2,5 kg",1,0,Forme,Rectangulaire,1,0,"Capacité archets",,0,0,Roulettes,,0,0,Variante,,0,0
6462,CDM-A89B18,"Liquide Nettoyant Hill",Instrument,,0,1,Marque,"W.E. Hill",1,1,Modèle,,0,1,"Type produit",Entretien,1,1,Taille,,0,1,Couleur,,0,0,Matière,,0,0,Poids,,0,0,Forme,,0,0,"Capacité archets",,0,0,Roulettes,,0,0,Variante,,0,0
6483,CDM-1692E8,"Colophane contrebasse Pirastro Bass",Instrument,Contrebasse,1,1,Marque,Pirastro,1,1,Modèle,Bass,1,1,"Type produit",Colophane,1,1,Taille,,0,1,Couleur,,0,0,Matière,,0,0,Poids,,0,0,Forme,,0,0,"Capacité archets",,0,0,Roulettes,,0,0,Variante,,0,0
6485,CDM-FBCEB8,"Colophane violon/alto Pirastro Gold",Instrument,"Violon, Alto",1,1,Marque,Pirastro,1,1,Modèle,Gold,1,1,"Type produit",Colophane,1,1,Taille,,0,1,Couleur,Doré,1,0,Matière,,0,0,Poids,,0,0,Forme,,0,0,"Capacité archets",,0,0,Roulettes,,0,0,Variante,,0,0
6487,CDM-DC4D21,"Colophane violon/alto Pirastro Tonica",Instrument,"Violon, Alto",1,1,Marque,Pirastro,1,1,Modèle,Tonica,1,1,"Type produit",Colophane,1,1,Taille,,0,1,Couleur,,0,0,Matière,,0,0,Poids,,0,0,Forme,,0,0,"Capacité archets",,0,0,Roulettes,,0,0,Variante,,0,0
6489,CDM-2D00E1,"Colophane Aquila",Instrument,,0,1,Marque,Aquila,1,1,Modèle,,0,1,"Type produit",Colophane,1,1,Taille,,0,1,Couleur,,0,0,Matière,,0,0,Poids,,0,0,Forme,,0,0,"Capacité archets",,0,0,Roulettes,,0,0,Variante,,0,0
6492,CDM-59D8A5,"Colophane violoncelle Thomastik Special",Instrument,Violoncelle,1,1,Marque,Thomastik,1,1,Modèle,Special,1,1,"Type produit",Colophane,1,1,Taille,,0,1,Couleur,,0,0,Matière,,0,0,Poids,,0,0,Forme,,0,0,"Capacité archets",,0,0,Roulettes,,0,0,Variante,,0,0
6495,CDM-3540C0,"Colophane contrebasse Thomastik Artist 205A",Instrument,Contrebasse,1,1,Marque,Thomastik,1,1,Modèle,"Artist 205A",1,1,"Type produit",Colophane,1,1,Taille,,0,1,Couleur,,0,0,Matière,,0,0,Poids,,0,0,Forme,,0,0,"Capacité archets",,0,0,Roulettes,,0,0,Variante,,0,0
6497,CDM-45A8E7,"Colophane violoncelle Petz Viena's Best",Instrument,Violoncelle,1,1,Marque,Petz,1,1,Modèle,"Viena's Best",1,1,"Type produit",Colophane,1,1,Taille,,0,1,Couleur,,0,0,Matière,,0,0,Poids,,0,0,Forme,,0,0,"Capacité archets",,0,0,Roulettes,,0,0,Variante,,0,0
6502,CDM-7776D9,"Colophane contrebasse Petz Premium Soft",Instrument,Contrebasse,1,1,Marque,Petz,1,1,Modèle,"Premium Soft",1,1,"Type produit",Colophane,1,1,Taille,,0,1,Couleur,,0,0,Matière,Bois,1,0,Poids,,0,0,Forme,,0,0,"Capacité archets",,0,0,Roulettes,,0,0,Variante,Forme,1,0
6505,CDM-3CE7F0,"Colophane violon/alto Petz Viena's Best",Instrument,"Violon, Alto",1,1,Marque,Petz,1,1,Modèle,"Viena's Best",1,1,"Type produit",Colophane,1,1,Taille,,0,1,Couleur,,0,0,Matière,,0,0,Poids,,0,0,Forme,,0,0,"Capacité archets",,0,0,Roulettes,,0,0,Variante,,0,0
6510,CDM-730FE4,"Housse violoncelle Rapsody avec roues ACRB 4/4 Noir",Instrument,Violoncelle,1,1,Marque,Rapsody,1,1,Modèle,ACRB,1,1,"Type produit",Housse,1,1,Taille,4/4,1,1,Couleur,Noir,1,0,Matière,Plastique,1,0,Poids,"5 kg",1,0,Forme,"Avec roues",1,0,"Capacité archets",,0,0,Roulettes,Oui,1,0,Variante,,0,0
6543,CDM-80E4B2,"Sourdine pour violon/alto Alpine Mute Professional",Instrument,"Violon, Alto",1,1,Marque,"Alpine Mute",1,1,Modèle,Professional,1,1,"Type produit",Sourdine,1,1,Taille,,0,1,Couleur,"Blanc, Noir",1,0,Matière,,0,0,Poids,,0,0,Forme,,0,0,"Capacité archets",,0,0,Roulettes,,0,0,Variante,,0,0
6544,CDM-50DE43,"Étui d’alto Rapsody Rainbow forma",Instrument,Alto,1,1,Marque,Rapsody,1,1,Modèle,Rainbow,1,1,"Type produit",Étui,1,1,Taille,"14"", 16,5""",1,1,Couleur,"Blanc, Bleu, Gris, Lilas, Menthe, Noir, Rose, Rouge, Turquoise",1,0,Matière,"Fibre de carbone, Polycarbonate",1,0,Poids,"2,1 kg",1,0,Forme,Forme,1,0,"Capacité archets",,0,0,Roulettes,,0,0,Variante,,0,0
6599,CDM-6D2FA7,"Sourdine pour contrebasse Ultra",Instrument,Contrebasse,1,1,Marque,Ultra,1,1,Modèle,Ultra,1,1,"Type produit",Sourdine,1,1,Taille,,0,1,Couleur,,0,0,Matière,Caoutchouc,1,0,Poids,,0,0,Forme,,0,0,"Capacité archets",,0,0,Roulettes,,0,0,Variante,,0,0
6601,CDM-542ADC,"Colophane violon/alto Pirastro Eudoxa",Instrument,"Violon, Alto",1,1,Marque,Pirastro,1,1,Modèle,Eudoxa,1,1,"Type produit",Colophane,1,1,Taille,,0,1,Couleur,,0,0,Matière,,0,0,Poids,,0,0,Forme,,0,0,"Capacité archets",,0,0,Roulettes,,0,0,Variante,,0,0
6603,CDM-B9C308,"Étui d’alto Rapsody forma 16AA Rose",Instrument,Alto,1,1,Marque,Rapsody,1,1,Modèle,16AA,1,1,"Type produit",Étui,1,1,Taille,"14"", 16,5""",1,1,Couleur,Rose,1,0,Matière,,0,0,Poids,"2,7 kg",1,0,Forme,Forme,1,0,"Capacité archets",,0,0,Roulettes,,0,0,Variante,,0,0
6646,CDM-08C6BA,"Étui d’alto Rapsody Rainbow rectangular",Instrument,Alto,1,1,Marque,Rapsody,1,1,Modèle,Rainbow,1,1,"Type produit",Étui,1,1,Taille,"17""",1,1,Couleur,"Bleu, Noir, Rouge",1,0,Matière,"Fibre de carbone, Polycarbonate",1,0,Poids,"3 kg",1,0,Forme,Rectangulaire,1,0,"Capacité archets",,0,0,Roulettes,,0,0,Variante,,0,0
6647,CDM-47CB8A,"Étui violon Rapsody Rocket forma 4/4 con bolsa pour partirturas 4/4",Instrument,Violon,1,1,Marque,Rapsody,1,1,Modèle,Rocket,1,1,"Type produit",Étui,1,1,Taille,4/4,1,1,Couleur,"Blanc, Bleu, Lilas, Menthe, Noir, Rose, Turquoise",1,0,Matière,"Fibre de carbone, Polycarbonate",1,0,Poids,"1,9 kg",1,0,Forme,"Forme, Rocket",1,0,"Capacité archets",2,1,0,Roulettes,,0,0,Variante,,0,0
6648,CDM-D5E5F0,"Étui pour archet de violon/alto/violoncelle Rapsody 85",Instrument,"Violon, Alto, Violoncelle",1,1,Marque,Rapsody,1,1,Modèle,85,1,1,"Type produit","Étui pour archet",1,1,Taille,,0,1,Couleur,"Bleu, Bordeaux, Jaune, Lilas, Noir, Rose, Vert",1,0,Matière,,0,0,Poids,"400 g",1,0,Forme,,0,0,"Capacité archets",1,1,0,Roulettes,,0,0,Variante,,0,0
6665,CDM-F9D1A7,"Colophane violoncelle Pirastro Cellisto",Instrument,Violoncelle,1,1,Marque,Pirastro,1,1,Modèle,Cellisto,1,1,"Type produit",Colophane,1,1,Taille,,0,1,Couleur,,0,0,Matière,,0,0,Poids,,0,0,Forme,,0,0,"Capacité archets",,0,0,Roulettes,,0,0,Variante,,0,0
6667,CDM-627EF8,"Sourdine pour violon/alto Artino Practice Mute",Instrument,"Violon, Alto",1,1,Marque,Artino,1,1,Modèle,"Practice Mute",1,1,"Type produit",Sourdine,1,1,Taille,,0,1,Couleur,,0,0,Matière,Caoutchouc,1,0,Poids,,0,0,Forme,,0,0,"Capacité archets",,0,0,Roulettes,,0,0,Variante,,0,0
6671,CDM-62795F,"Colophane contrebasse Kolstein Ultra formulation Supreme Hard",Instrument,Contrebasse,1,1,Marque,Kolstein,1,1,Modèle,"Ultra formulation Supreme Hard",1,1,"Type produit",Colophane,1,1,Taille,,0,1,Couleur,,0,0,Matière,,0,0,Poids,,0,0,Forme,,0,0,"Capacité archets",,0,0,Roulettes,,0,0,Variante,,0,0
6674,CDM-F1F529,"Colophane contrebasse Kolstein Ultra formulation Supreme Soft",Instrument,Contrebasse,1,1,Marque,Kolstein,1,1,Modèle,"Ultra formulation Supreme Soft",1,1,"Type produit",Colophane,1,1,Taille,,0,1,Couleur,,0,0,Matière,,0,0,Poids,,0,0,Forme,,0,0,"Capacité archets",,0,0,Roulettes,,0,0,Variante,,0,0
6677,CDM-ADD825,"Colophane alto Kolstein Ultra formulation Supreme",Instrument,Alto,1,1,Marque,Kolstein,1,1,Modèle,"Ultra formulation Supreme",1,1,"Type produit",Colophane,1,1,Taille,,0,1,Couleur,,0,0,Matière,,0,0,Poids,,0,0,Forme,,0,0,"Capacité archets",,0,0,Roulettes,,0,0,Variante,,0,0
6679,CDM-F811C5,"Colophane violon Kolstein Ultra formulation supreme",Instrument,Violon,1,1,Marque,Kolstein,1,1,Modèle,"Ultra formulation supreme",1,1,"Type produit",Colophane,1,1,Taille,,0,1,Couleur,,0,0,Matière,,0,0,Poids,,0,0,Forme,,0,0,"Capacité archets",,0,0,Roulettes,,0,0,Variante,,0,0
6681,CDM-166B81,"Housse contrebasse Rapsody ABTB 1/2",Instrument,Contrebasse,1,1,Marque,Rapsody,1,1,Modèle,ABTB,1,1,"Type produit",Housse,1,1,Taille,"1/2, 4/4",1,1,Couleur,,0,0,Matière,Plastique,1,0,Poids,,0,0,Forme,,0,0,"Capacité archets",,0,0,Roulettes,,0,0,Variante,,0,0
6682,CDM-3F50B5,"Housse contrebasse Rapsody ABTB 1/4",Instrument,Contrebasse,1,1,Marque,Rapsody,1,1,Modèle,ABTB,1,1,"Type produit",Housse,1,1,Taille,"1/4, 4/4",1,1,Couleur,,0,0,Matière,Plastique,1,0,Poids,,0,0,Forme,,0,0,"Capacité archets",,0,0,Roulettes,,0,0,Variante,,0,0
6735,CDM-144D38,"Colophane violon/alto Pirastro Goldflex",Instrument,"Violon, Alto",1,1,Marque,Pirastro,1,1,Modèle,Goldflex,1,1,"Type produit",Colophane,1,1,Taille,,0,1,Couleur,Doré,1,0,Matière,,0,0,Poids,,0,0,Forme,,0,0,"Capacité archets",,0,0,Roulettes,,0,0,Variante,,0,0
6737,CDM-0683FE,"Colophane violon/alto Pirastro Oliv/Evah Pirazzi",Instrument,"Violon, Alto",1,1,Marque,Pirastro,1,1,Modèle,"Oliv/Evah Pirazzi",1,1,"Type produit",Colophane,1,1,Taille,,0,1,Couleur,,0,0,Matière,,0,0,Poids,,0,0,Forme,,0,0,"Capacité archets",,0,0,Roulettes,,0,0,Variante,,0,0
6739,CDM-9C54A1,"Colophane contrebasse Pops'",Instrument,Contrebasse,1,1,Marque,Pops',1,1,Modèle,,0,1,"Type produit",Colophane,1,1,Taille,,0,1,Couleur,,0,0,Matière,,0,0,Poids,,0,0,Forme,,0,0,"Capacité archets",,0,0,Roulettes,,0,0,Variante,,0,0
6763,CDM-F61AF8,"Étui de violoncelle Rapsody EVA1610 3/4",Instrument,Violoncelle,1,1,Marque,Rapsody,1,1,Modèle,EVA1610,1,1,"Type produit",Étui,1,1,Taille,3/4,1,1,Couleur,"Bordeaux, Noir",1,0,Matière,Plastique,1,0,Poids,"4,2 kg",1,0,Forme,,0,0,"Capacité archets",,0,0,Roulettes,,0,0,Variante,,0,0
6764,CDM-2226F0,"Étui de violoncelle Rapsody EVA1610 4/4",Instrument,Violoncelle,1,1,Marque,Rapsody,1,1,Modèle,EVA1610,1,1,"Type produit",Étui,1,1,Taille,4/4,1,1,Couleur,"Bordeaux, Noir",1,0,Matière,Plastique,1,0,Poids,"4,7 kg",1,0,Forme,,0,0,"Capacité archets",,0,0,Roulettes,,0,0,Variante,,0,0
6765,CDM-085651,"Sourdine pour violon Tourte 2 trous",Instrument,Violon,1,1,Marque,Tourte,1,1,Modèle,"2 trous",1,1,"Type produit",Sourdine,1,1,Taille,,0,1,Couleur,"Bleu, Lilas, Noir, Rouge, Vert",1,0,Matière,Caoutchouc,1,0,Poids,,0,0,Forme,,0,0,"Capacité archets",,0,0,Roulettes,,0,0,Variante,,0,0
6773,CDM-53D2DE,"Colophane violoncelle Lapella",Instrument,Violoncelle,1,1,Marque,Lapella,1,1,Modèle,,0,1,"Type produit",Colophane,1,1,Taille,,0,1,Couleur,,0,0,Matière,,0,0,Poids,,0,0,Forme,,0,0,"Capacité archets",,0,0,Roulettes,,0,0,Variante,,0,0
6775,CDM-B9E2FB,"Colophane alto Lapella",Instrument,Alto,1,1,Marque,Lapella,1,1,Modèle,,0,1,"Type produit",Colophane,1,1,Taille,,0,1,Couleur,,0,0,Matière,,0,0,Poids,,0,0,Forme,,0,0,"Capacité archets",,0,0,Roulettes,,0,0,Variante,,0,0
6777,CDM-495AF9,"Colophane violon Lapella",Instrument,Violon,1,1,Marque,Lapella,1,1,Modèle,,0,1,"Type produit",Colophane,1,1,Taille,,0,1,Couleur,,0,0,Matière,,0,0,Poids,,0,0,Forme,,0,0,"Capacité archets",,0,0,Roulettes,,0,0,Variante,,0,0
6787,CDM-4370DA,"Étui de violoncelle Rapsody EVA1610 3/4 Navy blue bleu marino 3/4",Instrument,Violoncelle,1,1,Marque,Rapsody,1,1,Modèle,EVA1610,1,1,"Type produit",Étui,1,1,Taille,3/4,1,1,Couleur,Bleu,1,0,Matière,Plastique,1,0,Poids,"4,2 kg",1,0,Forme,,0,0,"Capacité archets",,0,0,Roulettes,,0,0,Variante,,0,0
6791,CDM-5AAB33,"Étui de violoncelle Rapsody EVA1610 4/4 Navy blue bleu marino 4/4",Instrument,Violoncelle,1,1,Marque,Rapsody,1,1,Modèle,EVA1610,1,1,"Type produit",Étui,1,1,Taille,4/4,1,1,Couleur,Bleu,1,0,Matière,Plastique,1,0,Poids,"4,7 kg",1,0,Forme,,0,0,"Capacité archets",,0,0,Roulettes,,0,0,Variante,,0,0
6801,CDM-0993C0,"Housse contrebasse Rapsody ABTB 3/4",Instrument,Contrebasse,1,1,Marque,Rapsody,1,1,Modèle,ABTB,1,1,"Type produit",Housse,1,1,Taille,"3/4, 4/4",1,1,Couleur,,0,0,Matière,Plastique,1,0,Poids,,0,0,Forme,,0,0,"Capacité archets",,0,0,Roulettes,,0,0,Variante,,0,0
6802,CDM-BC8FC3,"Housse contrebasse Rapsody ABTB 4/4",Instrument,Contrebasse,1,1,Marque,Rapsody,1,1,Modèle,ABTB,1,1,"Type produit",Housse,1,1,Taille,"4/4, 3/4",1,1,Couleur,,0,0,Matière,Plastique,1,0,Poids,,0,0,Forme,,0,0,"Capacité archets",,0,0,Roulettes,,0,0,Variante,,0,0
6804,CDM-E42DA1,"Sourdine pour violon Hill ébène",Instrument,Violon,1,1,Marque,"W.E. Hill",1,1,Modèle,Hill,1,1,"Type produit",Sourdine,1,1,Taille,,0,1,Couleur,Ébène,1,0,Matière,Ébène,1,0,Poids,,0,0,Forme,,0,0,"Capacité archets",,0,0,Roulettes,,0,0,Variante,,0,0
6806,CDM-6DEAF8,"Sourdine pour violon Tourte 1 trou",Instrument,Violon,1,1,Marque,Tourte,1,1,Modèle,"1 trou",1,1,"Type produit",Sourdine,1,1,Taille,,0,1,Couleur,,0,0,Matière,Caoutchouc,1,0,Poids,,0,0,Forme,,0,0,"Capacité archets",,0,0,Roulettes,,0,0,Variante,,0,0
6818,CDM-525270,"Sourdine pour alto Hill ébène",Instrument,Alto,1,1,Marque,"W.E. Hill",1,1,Modèle,Hill,1,1,"Type produit",Sourdine,1,1,Taille,,0,1,Couleur,Ébène,1,0,Matière,Ébène,1,0,Poids,,0,0,Forme,,0,0,"Capacité archets",,0,0,Roulettes,,0,0,Variante,,0,0
6820,CDM-631DA0,"Sourdine pour alto Hill palissandre",Instrument,Alto,1,1,Marque,"W.E. Hill",1,1,Modèle,Hill,1,1,"Type produit",Sourdine,1,1,Taille,,0,1,Couleur,Palissandre,1,0,Matière,Palissandre,1,0,Poids,,0,0,Forme,,0,0,"Capacité archets",,0,0,Roulettes,,0,0,Variante,,0,0
6821,CDM-963668,"Épaulière violon Viva La Musica VivaFlex",Instrument,Violon,1,1,Marque,"Viva La Musica",1,1,Modèle,VivaFlex,1,1,"Type produit",Épaulière,1,1,Taille,"1/2-1/4, 1/2, 1/4-1/8, 1/4, 1/16-1/32, 1/16, 4/4-3/4, 4/4",1,1,Couleur,"Bleu, Jaune, Lilas, Noir, Rouge, Vert",1,0,Matière,"Fibre de carbone, Polycarbonate",1,0,Poids,,0,0,Forme,,0,0,"Capacité archets",,0,0,Roulettes,,0,0,Variante,,0,0
6823,CDM-9CBB10,"Sourdine pour violoncelle Artino Practice Mute",Instrument,Violoncelle,1,1,Marque,Artino,1,1,Modèle,"Practice Mute",1,1,"Type produit",Sourdine,1,1,Taille,,0,1,Couleur,,0,0,Matière,Caoutchouc,1,0,Poids,,0,0,Forme,,0,0,"Capacité archets",,0,0,Roulettes,,0,0,Variante,,0,0
6828,CDM-3EE383,"Sourdine pour violon/alto Finissima Artist Mute",Instrument,"Violon, Alto",1,1,Marque,Finissima,1,1,Modèle,"Artist Mute",1,1,"Type produit",Sourdine,1,1,Taille,,0,1,Couleur,,0,0,Matière,,0,0,Poids,,0,0,Forme,,0,0,"Capacité archets",,0,0,Roulettes,,0,0,Variante,,0,0
6830,CDM-002E1E,"Colophane violoncelle Larsen amber",Instrument,Violoncelle,1,1,Marque,Larsen,1,1,Modèle,,0,1,"Type produit",Colophane,1,1,Taille,,0,1,Couleur,Ambre,1,0,Matière,,0,0,Poids,,0,0,Forme,,0,0,"Capacité archets",,0,0,Roulettes,,0,0,Variante,,0,0
6833,CDM-704F9D,"Colophane violoncelle Larsen roja",Instrument,Violoncelle,1,1,Marque,Larsen,1,1,Modèle,,0,1,"Type produit",Colophane,1,1,Taille,,0,1,Couleur,Rouge,1,0,Matière,,0,0,Poids,,0,0,Forme,,0,0,"Capacité archets",,0,0,Roulettes,,0,0,Variante,,0,0
6835,CDM-47D22B,"Colophane alto Larsen amber",Instrument,Alto,1,1,Marque,Larsen,1,1,Modèle,,0,1,"Type produit",Colophane,1,1,Taille,,0,1,Couleur,Ambre,1,0,Matière,,0,0,Poids,,0,0,Forme,,0,0,"Capacité archets",,0,0,Roulettes,,0,0,Variante,,0,0
6838,CDM-4EA738,"Colophane alto Larsen roja",Instrument,Alto,1,1,Marque,Larsen,1,1,Modèle,,0,1,"Type produit",Colophane,1,1,Taille,,0,1,Couleur,Rouge,1,0,Matière,,0,0,Poids,,0,0,Forme,,0,0,"Capacité archets",,0,0,Roulettes,,0,0,Variante,,0,0
6840,CDM-2D4C88,"Colophane violon Larsen amber",Instrument,Violon,1,1,Marque,Larsen,1,1,Modèle,,0,1,"Type produit",Colophane,1,1,Taille,,0,1,Couleur,Ambre,1,0,Matière,,0,0,Poids,,0,0,Forme,,0,0,"Capacité archets",,0,0,Roulettes,,0,0,Variante,,0,0
6843,CDM-0C13A7,"Colophane violon Larsen roja",Instrument,Violon,1,1,Marque,Larsen,1,1,Modèle,,0,1,"Type produit",Colophane,1,1,Taille,,0,1,Couleur,Rouge,1,0,Matière,,0,0,Poids,,0,0,Forme,,0,0,"Capacité archets",,0,0,Roulettes,,0,0,Variante,,0,0
6845,CDM-37FF1D,"Trolley pour 4 violines et 8 archets Rapsody Quattro",Instrument,Violon,1,1,Marque,Rapsody,1,1,Modèle,Quattro,1,1,"Type produit","Étui pour archet",1,1,Taille,,0,1,Couleur,,0,0,Matière,,0,0,Poids,"6 kg",1,0,Forme,"Rectangulaire, Avec roues",1,0,"Capacité archets",8,1,0,Roulettes,,0,0,Variante,,0,0
6854,CDM-D3F477,"Étui pour archet de violon/alto Rapsody 97N Marron",Instrument,"Violon, Alto",1,1,Marque,Rapsody,1,1,Modèle,97N,1,1,"Type produit","Étui pour archet",1,1,Taille,,0,1,Couleur,Marron,1,0,Matière,Bois,1,0,Poids,,0,0,Forme,,0,0,"Capacité archets",1,1,0,Roulettes,,0,0,Variante,,0,0
6882,CDM-46D4C4,"Étui d’alto Rapsody Rocket avec poche partitions",Instrument,Alto,1,1,Marque,Rapsody,1,1,Modèle,Rocket,1,1,"Type produit",Étui,1,1,Taille,"15"", 16,5""",1,1,Couleur,"Blanc, Bleu, Lilas, Menthe, Noir, Rose, Turquoise",1,0,Matière,"Fibre de carbone, Polycarbonate",1,0,Poids,"2,8 kg",1,0,Forme,"Rocket, Avec poche partitions",1,0,"Capacité archets",2,1,0,Roulettes,,0,0,Variante,,0,0
6883,CDM-2772CD,"Étui de violon Artist Dynamic forma 4/4",Instrument,Violon,1,1,Marque,Artist,1,1,Modèle,Dynamic,1,1,"Type produit",Étui,1,1,Taille,4/4,1,1,Couleur,"Aluminium brossé, Blanc, Bleu, Bleu ciel, Noir, Rose, Rouge",1,0,Matière,"Fibre de carbone, Polycarbonate, Aluminium",1,0,Poids,"2,2 kg",1,0,Forme,"Forme, Finition 3D",1,0,"Capacité archets",2,1,0,Roulettes,,0,0,Variante,,0,0
6884,CDM-537CEB,"Étui de violon Artist Dynamic rectangulaire avec poche partitions 4/4",Instrument,Violon,1,1,Marque,Artist,1,1,Modèle,Dynamic,1,1,"Type produit",Étui,1,1,Taille,4/4,1,1,Couleur,"Aluminium brossé, Blanc, Bleu, Noir, Rose, Rouge",1,0,Matière,"Fibre de carbone, Polycarbonate, Aluminium",1,0,Poids,"2,2 kg",1,0,Forme,"Rectangulaire, Avec poche partitions, Finition 3D",1,0,"Capacité archets",4,1,0,Roulettes,,0,0,Variante,,0,0
6898,CDM-3C7CA7,"Colophane contrebasse Larica Liebenzeller Gold VI soft",Instrument,Contrebasse,1,1,Marque,"Larica Liebenzeller",1,1,Modèle,"Gold VI soft",1,1,"Type produit",Colophane,1,1,Taille,,0,1,Couleur,Doré,1,0,Matière,,0,0,Poids,,0,0,Forme,,0,0,"Capacité archets",,0,0,Roulettes,,0,0,Variante,,0,0
6901,CDM-209CEB,"Colophane contrebasse-violone Larica Liebenzeller Gold V",Instrument,Contrebasse,1,1,Marque,"Larica Liebenzeller",1,1,Modèle,"Gold V",1,1,"Type produit",Colophane,1,1,Taille,,0,1,Couleur,Doré,1,0,Matière,,0,0,Poids,,0,0,Forme,,0,0,"Capacité archets",,0,0,Roulettes,,0,0,Variante,,0,0
6933,CDM-EF2B06,"Étui d’alto Rapsody Rocket forma Modelo anterior Orange",Instrument,Alto,1,1,Marque,Rapsody,1,1,Modèle,Rocket,1,1,"Type produit",Étui,1,1,Taille,"15"", 16,5""",1,1,Couleur,,0,0,Matière,,0,0,Poids,"2,8 kg",1,0,Forme,"Forme, Rocket",1,0,"Capacité archets",,0,0,Roulettes,,0,0,Variante,,0,0
6939,CDM-35B13B,"Étui d’alto Rapsody Rocket forma Modelo anterior Blanc",Instrument,Alto,1,1,Marque,Rapsody,1,1,Modèle,Rocket,1,1,"Type produit",Étui,1,1,Taille,"15"", 16,5""",1,1,Couleur,Blanc,1,0,Matière,,0,0,Poids,"2,8 kg",1,0,Forme,"Forme, Rocket",1,0,"Capacité archets",,0,0,Roulettes,,0,0,Variante,,0,0
7009,CDM-C4C390,"Étui d’alto Artist Dynamic polycarbonate forma",Instrument,Alto,1,1,Marque,Artist,1,1,Modèle,Dynamic,1,1,"Type produit",Étui,1,1,Taille,"14"", 16,5""",1,1,Couleur,"Aluminium brossé, Blanc, Noir",1,0,Matière,"Fibre de carbone, Polycarbonate, Aluminium",1,0,Poids,"2,200 kg",1,0,Forme,"Forme, Finition 3D",1,0,"Capacité archets",2,1,0,Roulettes,,0,0,Variante,,0,0
7010,CDM-0746B7,"Étui d’alto Artist Dynamic polycarbonate rectangulaire avec poche partitions",Instrument,Alto,1,1,Marque,Artist,1,1,Modèle,Dynamic,1,1,"Type produit",Étui,1,1,Taille,"14"", 16,5""",1,1,Couleur,"Aluminium brossé, Blanc, Noir",1,0,Matière,"Fibre de carbone, Polycarbonate, Aluminium",1,0,Poids,"4 kg",1,0,Forme,"Rectangulaire, Avec poche partitions, Finition 3D",1,0,"Capacité archets",4,1,0,Roulettes,,0,0,Variante,,0,0
7011,CDM-49DCC9,"Épaulière violon Kun Collapsible",Instrument,Violon,1,1,Marque,Kun,1,1,Modèle,Collapsible,1,1,"Type produit",Épaulière,1,1,Taille,"1/4-1/16, 1/4-1/16, 1/4",1,1,Couleur,"Bleu, Noir, Rouge",1,0,Matière,,0,0,Poids,,0,0,Forme,,0,0,"Capacité archets",,0,0,Roulettes,,0,0,Variante,Forme,1,0
7015,CDM-4C22E1,"Support de pique pour violoncelle/contrebasse Wolf Super",Instrument,"Violoncelle, Contrebasse",1,1,Marque,Wolf,1,1,Modèle,Super,1,1,"Type produit","Support de pique",1,1,Taille,,0,1,Couleur,,0,0,Matière,Caoutchouc,1,0,Poids,,0,0,Forme,,0,0,"Capacité archets",,0,0,Roulettes,,0,0,Variante,,0,0
7017,CDM-B4BE8A,"Support de pique pour violoncelle/contrebasse D'Addario Endpin Anchor Noir",Instrument,"Violoncelle, Contrebasse",1,1,Marque,D'Addario,1,1,Modèle,"Endpin Anchor",1,1,"Type produit","Support de pique",1,1,Taille,,0,1,Couleur,Noir,1,0,Matière,,0,0,Poids,,0,0,Forme,,0,0,"Capacité archets",,0,0,Roulettes,,0,0,Variante,,0,0
7021,CDM-81BE92,"Support de pique pour violoncelle/contrebasse D'Addario Endpin Anchor Transparent",Instrument,"Violoncelle, Contrebasse",1,1,Marque,D'Addario,1,1,Modèle,"Endpin Anchor",1,1,"Type produit","Support de pique",1,1,Taille,,0,1,Couleur,,0,0,Matière,,0,0,Poids,,0,0,Forme,,0,0,"Capacité archets",,0,0,Roulettes,,0,0,Variante,,0,0
7057,CDM-A75F43,"Cire W.E. Hill Premium Conservation",Instrument,,0,1,Marque,"W.E. Hill",1,1,Modèle,,0,1,"Type produit",Entretien,1,1,Taille,,0,1,Couleur,,0,0,Matière,,0,0,Poids,,0,0,Forme,,0,0,"Capacité archets",,0,0,Roulettes,,0,0,Variante,,0,0
7063,CDM-D6D2A0,"Épaulière violí Pirastro KorfkerRest Luna",Instrument,Violon,1,1,Marque,Pirastro,1,1,Modèle,"KorfkerRest Luna",1,1,"Type produit",Épaulière,1,1,Taille,"4/4, 4/4-3/4",1,1,Couleur,,0,0,Matière,Plastique,1,0,Poids,"32 g",1,0,Forme,,0,0,"Capacité archets",,0,0,Roulettes,,0,0,Variante,Forme,1,0
7068,CDM-716D7D,"Housse contrebasse Rapsody ABRB avec roues 3/4",Instrument,Contrebasse,1,1,Marque,Rapsody,1,1,Modèle,ABRB,1,1,"Type produit",Housse,1,1,Taille,"3/4, 4/4",1,1,Couleur,,0,0,Matière,Plastique,1,0,Poids,,0,0,Forme,"Avec roues",1,0,"Capacité archets",,0,0,Roulettes,Oui,1,0,Variante,,0,0
7072,CDM-17002D,"Housse contrebasse Rapsody ABRB avec roues 4/4",Instrument,Contrebasse,1,1,Marque,Rapsody,1,1,Modèle,ABRB,1,1,"Type produit",Housse,1,1,Taille,"4/4, 3/4",1,1,Couleur,,0,0,Matière,Plastique,1,0,Poids,,0,0,Forme,"Avec roues",1,0,"Capacité archets",,0,0,Roulettes,Oui,1,0,Variante,,0,0
7076,CDM-63A6E4,"Support de pique pour violoncelle Artino de bois de hêtre (forma de violoncelle)",Instrument,"Violoncelle, Contrebasse",1,1,Marque,Artino,1,1,Modèle,,0,1,"Type produit","Support de pique",1,1,Taille,,0,1,Couleur,,0,0,Matière,Hêtre,1,0,Poids,,0,0,Forme,,0,0,"Capacité archets",,0,0,Roulettes,,0,0,Variante,Forme,1,0
7081,CDM-38F4F6,"Épaulière violon Kun Original 1/4-1/8",Instrument,Violon,1,1,Marque,Kun,1,1,Modèle,Original,1,1,"Type produit",Épaulière,1,1,Taille,"1/4-1/8, 4/4",1,1,Couleur,,0,0,Matière,,0,0,Poids,,0,0,Forme,,0,0,"Capacité archets",,0,0,Roulettes,,0,0,Variante,Forme,1,0
7085,CDM-F0EA26,"Épaulière violon Kun Original 1/4-1/8 verde 1/4 Vert",Instrument,Violon,1,1,Marque,Kun,1,1,Modèle,Original,1,1,"Type produit",Épaulière,1,1,Taille,"1/4-1/8, 1/4",1,1,Couleur,Vert,1,0,Matière,,0,0,Poids,,0,0,Forme,,0,0,"Capacité archets",,0,0,Roulettes,,0,0,Variante,Forme,1,0
7089,CDM-DDFB1E,"Colophane alto Thomastik Vision",Instrument,Alto,1,1,Marque,Thomastik,1,1,Modèle,Vision,1,1,"Type produit",Colophane,1,1,Taille,,0,1,Couleur,,0,0,Matière,,0,0,Poids,,0,0,Forme,,0,0,"Capacité archets",,0,0,Roulettes,,0,0,Variante,,0,0
7091,CDM-29A756,"Colophane violon Thomastik Peter Infeld",Instrument,Violon,1,1,Marque,Thomastik,1,1,Modèle,"Peter Infeld",1,1,"Type produit",Colophane,1,1,Taille,,0,1,Couleur,,0,0,Matière,,0,0,Poids,,0,0,Forme,,0,0,"Capacité archets",,0,0,Roulettes,,0,0,Variante,,0,0
7093,CDM-607333,"Colophane violon Thomastik Vision",Instrument,Violon,1,1,Marque,Thomastik,1,1,Modèle,Vision,1,1,"Type produit",Colophane,1,1,Taille,,0,1,Couleur,,0,0,Matière,,0,0,Poids,,0,0,Forme,,0,0,"Capacité archets",,0,0,Roulettes,,0,0,Variante,,0,0
7103,CDM-6867D7,"Sourdine pour alto Tourte 2 trous",Instrument,Alto,1,1,Marque,Tourte,1,1,Modèle,"2 trous",1,1,"Type produit",Sourdine,1,1,Taille,,0,1,Couleur,"Bleu, Lilas, Noir, Rouge, Vert",1,0,Matière,Caoutchouc,1,0,Poids,,0,0,Forme,,0,0,"Capacité archets",,0,0,Roulettes,,0,0,Variante,,0,0
7108,CDM-2F8424,"Épaulière violon Kun Seven 4/4",Instrument,Violon,1,1,Marque,Kun,1,1,Modèle,Seven,1,1,"Type produit",Épaulière,1,1,Taille,4/4,1,1,Couleur,,0,0,Matière,,0,0,Poids,,0,0,Forme,,0,0,"Capacité archets",,0,0,Roulettes,,0,0,Variante,,0,0
7117,CDM-AF5229,"Support de pique pour violoncelle/contrebasse redondo en bois Artino SP-4T",Instrument,"Violoncelle, Contrebasse",1,1,Marque,Artino,1,1,Modèle,SP-4T,1,1,"Type produit","Support de pique",1,1,Taille,,0,1,Couleur,Rouge,1,0,Matière,Bois,1,0,Poids,,0,0,Forme,,0,0,"Capacité archets",,0,0,Roulettes,,0,0,Variante,,0,0
7121,CDM-0855E4,"Colophane violoncelle-alto de gamba Larica Liebenzeller Gold IV",Instrument,"Alto, Violoncelle",1,1,Marque,"Larica Liebenzeller",1,1,Modèle,"Gold IV",1,1,"Type produit",Colophane,1,1,Taille,,0,1,Couleur,Doré,1,0,Matière,,0,0,Poids,,0,0,Forme,,0,0,"Capacité archets",,0,0,Roulettes,,0,0,Variante,,0,0
7124,CDM-6A2F3C,"Colophane alto/violoncelle Larica Liebenzeller Gold III",Instrument,"Alto, Violoncelle",1,1,Marque,"Larica Liebenzeller",1,1,Modèle,"Gold III",1,1,"Type produit",Colophane,1,1,Taille,,0,1,Couleur,Doré,1,0,Matière,,0,0,Poids,,0,0,Forme,,0,0,"Capacité archets",,0,0,Roulettes,,0,0,Variante,,0,0
7127,CDM-340268,"Colophane violon Larica Liebenzeller Gold I",Instrument,Violon,1,1,Marque,"Larica Liebenzeller",1,1,Modèle,"Gold I",1,1,"Type produit",Colophane,1,1,Taille,,0,1,Couleur,Doré,1,0,Matière,,0,0,Poids,,0,0,Forme,,0,0,"Capacité archets",,0,0,Roulettes,,0,0,Variante,,0,0
7130,CDM-45390C,"Colophane violon/alto Larica Liebenzeller Gold II",Instrument,"Violon, Alto",1,1,Marque,"Larica Liebenzeller",1,1,Modèle,"Gold II",1,1,"Type produit",Colophane,1,1,Taille,,0,1,Couleur,Doré,1,0,Matière,,0,0,Poids,,0,0,Forme,,0,0,"Capacité archets",,0,0,Roulettes,,0,0,Variante,,0,0
7133,CDM-182E07,"Colophane violoncelle Hidersine Reserve21",Instrument,Violoncelle,1,1,Marque,Hidersine,1,1,Modèle,Reserve21,1,1,"Type produit",Colophane,1,1,Taille,,0,1,Couleur,,0,0,Matière,,0,0,Poids,"30 g",1,0,Forme,,0,0,"Capacité archets",,0,0,Roulettes,,0,0,Variante,,0,0
7140,CDM-0C857F,"Colophane violon Hidersine Reserve21",Instrument,Violon,1,1,Marque,Hidersine,1,1,Modèle,Reserve21,1,1,"Type produit",Colophane,1,1,Taille,,0,1,Couleur,,0,0,Matière,,0,0,Poids,"30 g",1,0,Forme,,0,0,"Capacité archets",,0,0,Roulettes,,0,0,Variante,,0,0
7148,CDM-072EE0,"Colophane violon/alto/violoncelle Pirastro Evah Pirazzi Gold",Instrument,"Violon, Alto, Violoncelle",1,1,Marque,Pirastro,1,1,Modèle,"Evah Pirazzi Gold",1,1,"Type produit",Colophane,1,1,Taille,,0,1,Couleur,Doré,1,0,Matière,,0,0,Poids,,0,0,Forme,,0,0,"Capacité archets",,0,0,Roulettes,,0,0,Variante,,0,0
7150,CDM-62D8B2,"Colophane violoncelle Cecilia Rosin A Piacere petite",Instrument,Violoncelle,1,1,Marque,"Cecilia Rosin",1,1,Modèle,"A Piacere petite",1,1,"Type produit",Colophane,1,1,Taille,,0,1,Couleur,,0,0,Matière,,0,0,Poids,"16,8 g",1,0,Forme,,0,0,"Capacité archets",,0,0,Roulettes,,0,0,Variante,,0,0
7155,CDM-7C1476,"Colophane violoncelle Cecilia Rosin Solo petite",Instrument,Violoncelle,1,1,Marque,"Cecilia Rosin",1,1,Modèle,"Solo petite",1,1,"Type produit",Colophane,1,1,Taille,,0,1,Couleur,,0,0,Matière,,0,0,Poids,"16,8 g",1,0,Forme,,0,0,"Capacité archets",,0,0,Roulettes,,0,0,Variante,,0,0
7161,CDM-DC2AED,"Colophane alto Cecilia Rosin A Piacere petite",Instrument,Alto,1,1,Marque,"Cecilia Rosin",1,1,Modèle,"A Piacere petite",1,1,"Type produit",Colophane,1,1,Taille,,0,1,Couleur,,0,0,Matière,,0,0,Poids,"16,8 g",1,0,Forme,,0,0,"Capacité archets",,0,0,Roulettes,,0,0,Variante,,0,0
7165,CDM-5446E6,"Colophane alto Cecilia Rosin Solo petite",Instrument,Alto,1,1,Marque,"Cecilia Rosin",1,1,Modèle,"Solo petite",1,1,"Type produit",Colophane,1,1,Taille,,0,1,Couleur,,0,0,Matière,,0,0,Poids,"16,8 g",1,0,Forme,,0,0,"Capacité archets",,0,0,Roulettes,,0,0,Variante,,0,0
7171,CDM-FCB2BD,"Colophane violon Cecilia Rosin A Piacere petite",Instrument,Violon,1,1,Marque,"Cecilia Rosin",1,1,Modèle,"A Piacere petite",1,1,"Type produit",Colophane,1,1,Taille,,0,1,Couleur,,0,0,Matière,,0,0,Poids,"16,8 g",1,0,Forme,,0,0,"Capacité archets",,0,0,Roulettes,,0,0,Variante,,0,0
7176,CDM-18FC56,"Colophane violon Cecilia Rosin Solo petite",Instrument,Violon,1,1,Marque,"Cecilia Rosin",1,1,Modèle,"Solo petite",1,1,"Type produit",Colophane,1,1,Taille,,0,1,Couleur,,0,0,Matière,,0,0,Poids,"16,8 g",1,0,Forme,,0,0,"Capacité archets",,0,0,Roulettes,,0,0,Variante,,0,0
7181,CDM-07EB23,"Épaulière pour violon Kun Collapsible",Instrument,Violon,1,1,Marque,Kun,1,1,Modèle,Collapsible,1,1,"Type produit",Épaulière,1,1,Taille,"3/4-1/2, 4/4, 3/4-1/2",1,1,Couleur,"Bleu, Fuchsia, Noir, Vert",1,0,Matière,,0,0,Poids,,0,0,Forme,,0,0,"Capacité archets",,0,0,Roulettes,,0,0,Variante,Forme,1,0
7191,CDM-00D5BC,"Épaulière alto Pirastro KorfkerRest Luna",Instrument,Alto,1,1,Marque,Pirastro,1,1,Modèle,"KorfkerRest Luna",1,1,"Type produit",Épaulière,1,1,Taille,"15"", 17""",1,1,Couleur,,0,0,Matière,Plastique,1,0,Poids,"40 g",1,0,Forme,,0,0,"Capacité archets",,0,0,Roulettes,,0,0,Variante,Forme,1,0
7199,CDM-AB06CC,"Épaulière violon Kun Original 3/4-1/2",Instrument,Violon,1,1,Marque,Kun,1,1,Modèle,Original,1,1,"Type produit",Épaulière,1,1,Taille,"3/4-1/2, 4/4",1,1,Couleur,,0,0,Matière,,0,0,Poids,,0,0,Forme,,0,0,"Capacité archets",,0,0,Roulettes,,0,0,Variante,Forme,1,0
7201,CDM-6A77F1,"Épaulière alto Wolf Standard Primo",Instrument,Alto,1,1,Marque,Wolf,1,1,Modèle,"Standard Primo",1,1,"Type produit",Épaulière,1,1,Taille,"16"", 15""",1,1,Couleur,,0,0,Matière,Aluminium,1,0,Poids,,0,0,Forme,,0,0,"Capacité archets",,0,0,Roulettes,,0,0,Variante,Forme,1,0
7205,CDM-CD4569,"Épaulière violon Wolf Standard Primo 4/4-3/4",Instrument,Violon,1,1,Marque,Wolf,1,1,Modèle,"Standard Primo",1,1,"Type produit",Épaulière,1,1,Taille,4/4-3/4,1,1,Couleur,,0,0,Matière,Aluminium,1,0,Poids,,0,0,Forme,,0,0,"Capacité archets",,0,0,Roulettes,,0,0,Variante,Forme,1,0
7209,CDM-99D234,"Épaulière violon Wolf Standard Secondo 1/2-1/4",Instrument,Violon,1,1,Marque,Wolf,1,1,Modèle,"Standard Secondo",1,1,"Type produit",Épaulière,1,1,Taille,"1/2-1/4, 4/4-3/4",1,1,Couleur,,0,0,Matière,Aluminium,1,0,Poids,,0,0,Forme,,0,0,"Capacité archets",,0,0,Roulettes,,0,0,Variante,Forme,1,0
7212,CDM-15CABD,"Épaulière violon Wolf Standard Secondo 4/4-3/4",Instrument,Violon,1,1,Marque,Wolf,1,1,Modèle,"Standard Secondo",1,1,"Type produit",Épaulière,1,1,Taille,"4/4-3/4, 1/2-1/4",1,1,Couleur,,0,0,Matière,Aluminium,1,0,Poids,,0,0,Forme,,0,0,"Capacité archets",,0,0,Roulettes,,0,0,Variante,Forme,1,0
7216,CDM-2F7C03,"Épaulière pour violon Kun Super 3/4-1/2",Instrument,Violon,1,1,Marque,Kun,1,1,Modèle,Super,1,1,"Type produit",Épaulière,1,1,Taille,"3/4-1/2, 4/4",1,1,Couleur,,0,0,Matière,,0,0,Poids,,0,0,Forme,,0,0,"Capacité archets",,0,0,Roulettes,,0,0,Variante,Forme,1,0
7234,CDM-4C4897,"Épaulière pour violon Kun Collapsible 3/4-1/2 Papaya 3/4-1/2",Instrument,Violon,1,1,Marque,Kun,1,1,Modèle,Collapsible,1,1,"Type produit",Épaulière,1,1,Taille,3/4-1/2,1,1,Couleur,Papaye,1,0,Matière,,0,0,Poids,,0,0,Forme,,0,0,"Capacité archets",,0,0,Roulettes,,0,0,Variante,Forme,1,0
7236,CDM-4D82A1,"Épaulière pour violon Kun Super 4/4",Instrument,Violon,1,1,Marque,Kun,1,1,Modèle,Super,1,1,"Type produit",Épaulière,1,1,Taille,"4/4, 3/4-1/2",1,1,Couleur,,0,0,Matière,,0,0,Poids,,0,0,Forme,,0,0,"Capacité archets",,0,0,Roulettes,,0,0,Variante,Forme,1,0
7238,CDM-029359,"Épaulière violon Kun Original 4/4",Instrument,Violon,1,1,Marque,Kun,1,1,Modèle,Original,1,1,"Type produit",Épaulière,1,1,Taille,"4/4, 3/4-1/2",1,1,Couleur,,0,0,Matière,,0,0,Poids,,0,0,Forme,,0,0,"Capacité archets",,0,0,Roulettes,,0,0,Variante,Forme,1,0
7240,CDM-61A15C,"Colophane contrebasse Wiedoeft",Instrument,Contrebasse,1,1,Marque,Wiedoeft,1,1,Modèle,,0,1,"Type produit",Colophane,1,1,Taille,,0,1,Couleur,,0,0,Matière,,0,0,Poids,,0,0,Forme,,0,0,"Capacité archets",,0,0,Roulettes,,0,0,Variante,Forme,1,0
7243,CDM-4B1213,"Épaulière pour violon Kun Solo 4/4-3/4",Instrument,Violon,1,1,Marque,Kun,1,1,Modèle,Solo,1,1,"Type produit",Épaulière,1,1,Taille,4/4-3/4,1,1,Couleur,,0,0,Matière,,0,0,Poids,,0,0,Forme,,0,0,"Capacité archets",,0,0,Roulettes,,0,0,Variante,Forme,1,0
7248,CDM-96D21B,"Épaulière alto Kun Original",Instrument,Alto,1,1,Marque,Kun,1,1,Modèle,Original,1,1,"Type produit",Épaulière,1,1,Taille,"15""-16,5""",1,1,Couleur,,0,0,Matière,,0,0,Poids,,0,0,Forme,,0,0,"Capacité archets",,0,0,Roulettes,,0,0,Variante,Forme,1,0
7252,CDM-E658C7,"Épaulière alto Kun Super",Instrument,Alto,1,1,Marque,Kun,1,1,Modèle,Super,1,1,"Type produit",Épaulière,1,1,Taille,"15""-16""",1,1,Couleur,,0,0,Matière,,0,0,Poids,,0,0,Forme,,0,0,"Capacité archets",,0,0,Roulettes,,0,0,Variante,Forme,1,0
7256,CDM-8118A2,"Épaulière alto Wolf Forte Primo",Instrument,Alto,1,1,Marque,Wolf,1,1,Modèle,"Forte Primo",1,1,"Type produit",Épaulière,1,1,Taille,"15""",1,1,Couleur,,0,0,Matière,Aluminium,1,0,Poids,,0,0,Forme,,0,0,"Capacité archets",,0,0,Roulettes,,0,0,Variante,Forme,1,0
7260,CDM-8CA47E,"Épaulière violon Wolf Forte Primo",Instrument,Violon,1,1,Marque,Wolf,1,1,Modèle,"Forte Primo",1,1,"Type produit",Épaulière,1,1,Taille,4/4-3/4,1,1,Couleur,,0,0,Matière,Aluminium,1,0,Poids,,0,0,Forme,,0,0,"Capacité archets",,0,0,Roulettes,,0,0,Variante,Forme,1,0
7264,CDM-A3AB8D,"Épaulière violon Wolf Forte Secondo 1/2-1/4",Instrument,Violon,1,1,Marque,Wolf,1,1,Modèle,"Forte Secondo",1,1,"Type produit",Épaulière,1,1,Taille,"1/2-1/4, 4/4-3/4",1,1,Couleur,,0,0,Matière,Aluminium,1,0,Poids,,0,0,Forme,,0,0,"Capacité archets",,0,0,Roulettes,,0,0,Variante,Forme,1,0
7267,CDM-861BA2,"Épaulière violon Wolf Forte Secondo 4/4-3/4",Instrument,Violon,1,1,Marque,Wolf,1,1,Modèle,"Forte Secondo",1,1,"Type produit",Épaulière,1,1,Taille,"4/4-3/4, 1/2-1/4",1,1,Couleur,,0,0,Matière,Aluminium,1,0,Poids,,0,0,Forme,,0,0,"Capacité archets",,0,0,Roulettes,,0,0,Variante,Forme,1,0
7271,CDM-9016D5,"Épaulière violon Wolf Forte Secondo 1/8-1/16",Instrument,Violon,1,1,Marque,Wolf,1,1,Modèle,"Forte Secondo",1,1,"Type produit",Épaulière,1,1,Taille,"1/8-1/16, 4/4-3/4",1,1,Couleur,,0,0,Matière,Aluminium,1,0,Poids,,0,0,Forme,,0,0,"Capacité archets",,0,0,Roulettes,,0,0,Variante,Forme,1,0
7274,CDM-7766D9,"Colophane violoncelle Cecilia Rosin Signature Formula petite",Instrument,Violoncelle,1,1,Marque,"Cecilia Rosin",1,1,Modèle,"Signature Formula petite",1,1,"Type produit",Colophane,1,1,Taille,,0,1,Couleur,,0,0,Matière,,0,0,Poids,"16,8 g",1,0,Forme,,0,0,"Capacité archets",,0,0,Roulettes,,0,0,Variante,,0,0
7279,CDM-D39B7B,"Colophane alto Cecilia Rosin Signature Formula petite",Instrument,Alto,1,1,Marque,"Cecilia Rosin",1,1,Modèle,"Signature Formula petite",1,1,"Type produit",Colophane,1,1,Taille,,0,1,Couleur,,0,0,Matière,,0,0,Poids,"16,8 g",1,0,Forme,,0,0,"Capacité archets",,0,0,Roulettes,,0,0,Variante,,0,0
7284,CDM-7FC0B8,"Colophane violon Cecilia Rosin Signature Formula petite",Instrument,Violon,1,1,Marque,"Cecilia Rosin",1,1,Modèle,"Signature Formula petite",1,1,"Type produit",Colophane,1,1,Taille,,0,1,Couleur,,0,0,Matière,,0,0,Poids,"16,8 g",1,0,Forme,,0,0,"Capacité archets",,0,0,Roulettes,,0,0,Variante,,0,0
7289,CDM-21D116,"Épaulière alto Kun Collapsible",Instrument,Alto,1,1,Marque,Kun,1,1,Modèle,Collapsible,1,1,"Type produit",Épaulière,1,1,Taille,"17""-15""",1,1,Couleur,,0,0,Matière,,0,0,Poids,,0,0,Forme,,0,0,"Capacité archets",,0,0,Roulettes,,0,0,Variante,Forme,1,0
7294,CDM-08B002,"Support de pique pour violoncelle Artino de bois d’érable",Instrument,"Violoncelle, Contrebasse",1,1,Marque,Artino,1,1,Modèle,,0,1,"Type produit","Support de pique",1,1,Taille,,0,1,Couleur,,0,0,Matière,Érable,1,0,Poids,,0,0,Forme,,0,0,"Capacité archets",,0,0,Roulettes,,0,0,Variante,,0,0
7296,CDM-1223C0,"Épaulière alto Wolf Forte Secondo",Instrument,Alto,1,1,Marque,Wolf,1,1,Modèle,"Forte Secondo",1,1,"Type produit",Épaulière,1,1,Taille,"16"", 15""",1,1,Couleur,,0,0,Matière,Aluminium,1,0,Poids,,0,0,Forme,,0,0,"Capacité archets",,0,0,Roulettes,,0,0,Variante,Forme,1,0
7300,CDM-81F199,"Étui de contrebasse Rapsody BC avec roues 1/2",Instrument,Contrebasse,1,1,Marque,Rapsody,1,1,Modèle,BC,1,1,"Type produit",Étui,1,1,Taille,"1/2, 3/4",1,1,Couleur,,0,0,Matière,,0,0,Poids,,0,0,Forme,"Avec roues",1,0,"Capacité archets",1,1,0,Roulettes,Oui,1,0,Variante,,0,0
7304,CDM-413FC9,"Étui de contrebasse Rapsody BC avec roues 3/4",Instrument,Contrebasse,1,1,Marque,Rapsody,1,1,Modèle,BC,1,1,"Type produit",Étui,1,1,Taille,"3/4, 1/2",1,1,Couleur,,0,0,Matière,,0,0,Poids,,0,0,Forme,"Avec roues",1,0,"Capacité archets",1,1,0,Roulettes,Oui,1,0,Variante,,0,0
7308,CDM-710ACE,"Étui de violon Rapsody forma 1/10 CSV002A 1/10 /black bleu/noire",Instrument,"Violon, Alto",1,1,Marque,Rapsody,1,1,Modèle,CSV002A,1,1,"Type produit",Étui,1,1,Taille,1/10,1,1,Couleur,"Noir, Bleu",1,0,Matière,,0,0,Poids,"0,8 kg",1,0,Forme,Forme,1,0,"Capacité archets",,0,0,Roulettes,,0,0,Variante,,0,0
7313,CDM-C8B0C7,"Étui de violon Rapsody forma 1/16 CSV002A 1/16 /black Burdeos/noire",Instrument,"Violon, Alto",1,1,Marque,Rapsody,1,1,Modèle,CSV002A,1,1,"Type produit",Étui,1,1,Taille,1/16,1,1,Couleur,"Noir, Bordeaux",1,0,Matière,,0,0,Poids,,0,0,Forme,Forme,1,0,"Capacité archets",,0,0,Roulettes,,0,0,Variante,,0,0
7318,CDM-EE544C,"Étui de violon Rapsody forma 1/16 CSV002A 1/16 /black bleu/noire",Instrument,"Violon, Alto",1,1,Marque,Rapsody,1,1,Modèle,CSV002A,1,1,"Type produit",Étui,1,1,Taille,1/16,1,1,Couleur,"Noir, Bleu",1,0,Matière,,0,0,Poids,,0,0,Forme,Forme,1,0,"Capacité archets",,0,0,Roulettes,,0,0,Variante,,0,0
7323,CDM-625A56,"Étui de violon Rapsody forma 1/8 CSV002A 1/8 /black Burdeos/noire",Instrument,"Violon, Alto",1,1,Marque,Rapsody,1,1,Modèle,CSV002A,1,1,"Type produit",Étui,1,1,Taille,1/8,1,1,Couleur,"Noir, Bordeaux",1,0,Matière,,0,0,Poids,,0,0,Forme,Forme,1,0,"Capacité archets",,0,0,Roulettes,,0,0,Variante,,0,0
7328,CDM-D095DC,"Étui de violon Rapsody forma 1/8 CSV002A 1/8 /black bleu/noire",Instrument,"Violon, Alto",1,1,Marque,Rapsody,1,1,Modèle,CSV002A,1,1,"Type produit",Étui,1,1,Taille,1/8,1,1,Couleur,"Noir, Bleu",1,0,Matière,,0,0,Poids,,0,0,Forme,Forme,1,0,"Capacité archets",,0,0,Roulettes,,0,0,Variante,,0,0
7333,CDM-796421,"Étui de violon/alto Rapsody forma 4/4 – 14"""" CSV002A 4/4 /black Burdeos/noire",Instrument,"Violon, Alto",1,1,Marque,Rapsody,1,1,Modèle,CSV002A,1,1,"Type produit",Étui,1,1,Taille,"4/4, 14""",1,1,Couleur,"Noir, Bordeaux",1,0,Matière,,0,0,Poids,"1,25 kg",1,0,Forme,Forme,1,0,"Capacité archets",,0,0,Roulettes,,0,0,Variante,,0,0
7338,CDM-7FF9E5,"Étui de violon/alto Rapsody forma 4/4 – 14"""" CSV002A 4/4 /black bleu/noire",Instrument,"Violon, Alto",1,1,Marque,Rapsody,1,1,Modèle,CSV002A,1,1,"Type produit",Étui,1,1,Taille,"4/4, 14""",1,1,Couleur,"Noir, Bleu",1,0,Matière,,0,0,Poids,"1,25 kg",1,0,Forme,Forme,1,0,"Capacité archets",,0,0,Roulettes,,0,0,Variante,,0,0
7343,CDM-C61907,"Étui de violon/alto Rapsody forma 4/4 – 14"""" CSV002A 4/4 Lilac/black Lila/noire",Instrument,"Violon, Alto",1,1,Marque,Rapsody,1,1,Modèle,CSV002A,1,1,"Type produit",Étui,1,1,Taille,"4/4, 14""",1,1,Couleur,"Noir, Lilas",1,0,Matière,,0,0,Poids,"1,25 kg",1,0,Forme,Forme,1,0,"Capacité archets",,0,0,Roulettes,,0,0,Variante,,0,0
7348,CDM-7CE164,"Étui de violon/alto Rapsody forma 4/4 – 14"""" CSV002A 4/4 /black Rosa/noire",Instrument,"Violon, Alto",1,1,Marque,Rapsody,1,1,Modèle,CSV002A,1,1,"Type produit",Étui,1,1,Taille,"4/4, 14""",1,1,Couleur,"Noir, Rose",1,0,Matière,,0,0,Poids,"1,25 kg",1,0,Forme,Forme,1,0,"Capacité archets",,0,0,Roulettes,,0,0,Variante,,0,0
7353,CDM-827233,"Étui de violon/alto Rapsody forma 4/4 – 14"""" CSV002A 4/4 /black Verde/noire",Instrument,"Violon, Alto",1,1,Marque,Rapsody,1,1,Modèle,CSV002A,1,1,"Type produit",Étui,1,1,Taille,"4/4, 14""",1,1,Couleur,"Noir, Vert",1,0,Matière,,0,0,Poids,"1,25 kg",1,0,Forme,Forme,1,0,"Capacité archets",,0,0,Roulettes,,0,0,Variante,,0,0
7358,CDM-61AF7C,"Étui de violon/alto Rapsody forma 4/4 – 14"""" CSV002A 4/4 Noir",Instrument,"Violon, Alto",1,1,Marque,Rapsody,1,1,Modèle,CSV002A,1,1,"Type produit",Étui,1,1,Taille,"4/4, 14""",1,1,Couleur,Noir,1,0,Matière,,0,0,Poids,"1,25 kg",1,0,Forme,Forme,1,0,"Capacité archets",,0,0,Roulettes,,0,0,Variante,,0,0
7363,CDM-464355,"Étui de violon/alto Rapsody forma 1/2 – 12"""" CSV002A 1/2 /black Burdeos/noire",Instrument,"Violon, Alto",1,1,Marque,Rapsody,1,1,Modèle,CSV002A,1,1,"Type produit",Étui,1,1,Taille,"1/2, 12""",1,1,Couleur,"Noir, Bordeaux",1,0,Matière,,0,0,Poids,,0,0,Forme,Forme,1,0,"Capacité archets",,0,0,Roulettes,,0,0,Variante,,0,0
7368,CDM-5BBEF1,"Étui de violon/alto Rapsody forma 1/2 – 12"""" CSV002A 1/2 Noir",Instrument,"Violon, Alto",1,1,Marque,Rapsody,1,1,Modèle,CSV002A,1,1,"Type produit",Étui,1,1,Taille,"1/2, 12""",1,1,Couleur,Noir,1,0,Matière,,0,0,Poids,,0,0,Forme,Forme,1,0,"Capacité archets",,0,0,Roulettes,,0,0,Variante,,0,0
7373,CDM-BA4D28,"Étui de violon/alto Rapsody forma 1/2 – 12"""" CSV002A 1/2 /black bleu/noire",Instrument,"Violon, Alto",1,1,Marque,Rapsody,1,1,Modèle,CSV002A,1,1,"Type produit",Étui,1,1,Taille,"1/2, 12""",1,1,Couleur,"Noir, Bleu",1,0,Matière,,0,0,Poids,,0,0,Forme,Forme,1,0,"Capacité archets",,0,0,Roulettes,,0,0,Variante,,0,0
7378,CDM-E47C07,"Étui de violon/alto Rapsody forma 1/4 – 11"""" CSV002A 1/4 /black Burdeos/noire",Instrument,"Violon, Alto",1,1,Marque,Rapsody,1,1,Modèle,CSV002A,1,1,"Type produit",Étui,1,1,Taille,"1/4, 11""",1,1,Couleur,"Noir, Bordeaux",1,0,Matière,,0,0,Poids,,0,0,Forme,Forme,1,0,"Capacité archets",,0,0,Roulettes,,0,0,Variante,,0,0
7383,CDM-C646D6,"Étui de violon/alto Rapsody forma 1/4 – 11"""" CSV002A 1/4 /black bleu/noire",Instrument,"Violon, Alto",1,1,Marque,Rapsody,1,1,Modèle,CSV002A,1,1,"Type produit",Étui,1,1,Taille,"1/4, 11""",1,1,Couleur,"Noir, Bleu",1,0,Matière,,0,0,Poids,,0,0,Forme,Forme,1,0,"Capacité archets",,0,0,Roulettes,,0,0,Variante,,0,0
7388,CDM-1E80C1,"Étui de violon/alto Rapsody forma 3/4 – 13"""" CSV002A 3/4 /black Burdeos/noire",Instrument,"Violon, Alto",1,1,Marque,Rapsody,1,1,Modèle,CSV002A,1,1,"Type produit",Étui,1,1,Taille,"3/4, 13""",1,1,Couleur,"Noir, Bordeaux",1,0,Matière,,0,0,Poids,,0,0,Forme,Forme,1,0,"Capacité archets",,0,0,Roulettes,,0,0,Variante,,0,0
7393,CDM-B70766,"Étui de violon/alto Rapsody forma 3/4 – 13"""" CSV002A 3/4 /black bleu/noire",Instrument,"Violon, Alto",1,1,Marque,Rapsody,1,1,Modèle,CSV002A,1,1,"Type produit",Étui,1,1,Taille,"3/4, 13""",1,1,Couleur,"Noir, Bleu",1,0,Matière,,0,0,Poids,,0,0,Forme,Forme,1,0,"Capacité archets",,0,0,Roulettes,,0,0,Variante,,0,0
7398,CDM-6B5365,"Étui de violon/alto Rapsody forma 3/4 – 13"""" CSV002A 3/4 Noir",Instrument,"Violon, Alto",1,1,Marque,Rapsody,1,1,Modèle,CSV002A,1,1,"Type produit",Étui,1,1,Taille,"3/4, 13""",1,1,Couleur,Noir,1,0,Matière,,0,0,Poids,,0,0,Forme,Forme,1,0,"Capacité archets",,0,0,Roulettes,,0,0,Variante,,0,0
7403,CDM-4EE19F,"Épaulière violon/alto Wolf Super Flexible",Instrument,"Violon, Alto",1,1,Marque,Wolf,1,1,Modèle,"Super Flexible",1,1,"Type produit",Épaulière,1,1,Taille,4/4-3/4,1,1,Couleur,,0,0,Matière,,0,0,Poids,,0,0,Forme,,0,0,"Capacité archets",,0,0,Roulettes,,0,0,Variante,,0,0
7407,CDM-4FEE56,"Épaulière violon Pirastro KorfkerRest",Instrument,Violon,1,1,Marque,Pirastro,1,1,Modèle,KorfkerRest,1,1,"Type produit",Épaulière,1,1,Taille,4/4,1,1,Couleur,,0,0,Matière,Érable,1,0,Poids,,0,0,Forme,,0,0,"Capacité archets",,0,0,Roulettes,,0,0,Variante,Forme,1,0
7416,CDM-96932D,"Support de pique pour violoncelle Artino de bois de palissandre",Instrument,"Violoncelle, Contrebasse",1,1,Marque,Artino,1,1,Modèle,,0,1,"Type produit","Support de pique",1,1,Taille,,0,1,Couleur,Palissandre,1,0,Matière,Palissandre,1,0,Poids,,0,0,Forme,,0,0,"Capacité archets",,0,0,Roulettes,,0,0,Variante,,0,0
7418,CDM-D33EC7,"Colophane violoncelle Cecilia Rosin A Piacere",Instrument,Violoncelle,1,1,Marque,"Cecilia Rosin",1,1,Modèle,"A Piacere",1,1,"Type produit",Colophane,1,1,Taille,,0,1,Couleur,,0,0,Matière,,0,0,Poids,"24,5 g",1,0,Forme,,0,0,"Capacité archets",,0,0,Roulettes,,0,0,Variante,,0,0
7424,CDM-7C7137,"Colophane violoncelle Cecilia Rosin Solo",Instrument,Violoncelle,1,1,Marque,"Cecilia Rosin",1,1,Modèle,Solo,1,1,"Type produit",Colophane,1,1,Taille,,0,1,Couleur,,0,0,Matière,,0,0,Poids,"24,5 g",1,0,Forme,,0,0,"Capacité archets",,0,0,Roulettes,,0,0,Variante,,0,0
7431,CDM-6FEFE3,"Colophane alto Cecilia Rosin A Piacere",Instrument,Alto,1,1,Marque,"Cecilia Rosin",1,1,Modèle,"A Piacere",1,1,"Type produit",Colophane,1,1,Taille,,0,1,Couleur,,0,0,Matière,,0,0,Poids,"24,5 g",1,0,Forme,,0,0,"Capacité archets",,0,0,Roulettes,,0,0,Variante,,0,0
7437,CDM-2F210D,"Colophane alto Cecilia Rosin Solo",Instrument,Alto,1,1,Marque,"Cecilia Rosin",1,1,Modèle,Solo,1,1,"Type produit",Colophane,1,1,Taille,,0,1,Couleur,,0,0,Matière,,0,0,Poids,"24,5 g",1,0,Forme,,0,0,"Capacité archets",,0,0,Roulettes,,0,0,Variante,,0,0
7444,CDM-5C6181,"Colophane violon Cecilia Rosin A Piacere",Instrument,Violon,1,1,Marque,"Cecilia Rosin",1,1,Modèle,"A Piacere",1,1,"Type produit",Colophane,1,1,Taille,,0,1,Couleur,,0,0,Matière,,0,0,Poids,"24,5 g",1,0,Forme,,0,0,"Capacité archets",,0,0,Roulettes,,0,0,Variante,,0,0
7450,CDM-F005A2,"Colophane violon Cecilia Rosin Solo",Instrument,Violon,1,1,Marque,"Cecilia Rosin",1,1,Modèle,Solo,1,1,"Type produit",Colophane,1,1,Taille,,0,1,Couleur,,0,0,Matière,,0,0,Poids,"24,5 g",1,0,Forme,,0,0,"Capacité archets",,0,0,Roulettes,,0,0,Variante,,0,0
7457,CDM-19A570,"Épaulière alto Pirastro KorfkerRest",Instrument,Alto,1,1,Marque,Pirastro,1,1,Modèle,KorfkerRest,1,1,"Type produit",Épaulière,1,1,Taille,"15""",1,1,Couleur,,0,0,Matière,Érable,1,0,Poids,,0,0,Forme,,0,0,"Capacité archets",,0,0,Roulettes,,0,0,Variante,Forme,1,0
7462,CDM-291507,"Étui pour archet violon/alto/violoncelle Artist VS-1 Noir",Instrument,"Violon, Alto, Violoncelle",1,1,Marque,Artist,1,1,Modèle,VS-1,1,1,"Type produit","Étui pour archet",1,1,Taille,,0,1,Couleur,Noir,1,0,Matière,"Fibre de carbone, Caoutchouc",1,0,Poids,"25 g",1,0,Forme,"Finition 3D",1,0,"Capacité archets",1,1,0,Roulettes,,0,0,Variante,,0,0
7465,CDM-FEF102,"Étui d’alto Rapsody forma CSL002A 16,5''",Instrument,"Violon, Alto",1,1,Marque,Rapsody,1,1,Modèle,CSL002A,1,1,"Type produit",Étui,1,1,Taille,"16,5"", 16""-16,5""",1,1,Couleur,,0,0,Matière,,0,0,Poids,"3 kg",1,0,Forme,Forme,1,0,"Capacité archets",,0,0,Roulettes,,0,0,Variante,,0,0
7470,CDM-03790C,"Étui d’alto Rapsody forma CSL002A 15,5''",Instrument,"Violon, Alto",1,1,Marque,Rapsody,1,1,Modèle,CSL002A,1,1,"Type produit",Étui,1,1,Taille,"15,5"", 16""-16,5""",1,1,Couleur,,0,0,Matière,,0,0,Poids,"3 kg",1,0,Forme,Forme,1,0,"Capacité archets",,0,0,Roulettes,,0,0,Variante,,0,0
7472,CDM-DCD6DE,"Colophane contrebasse Cecilia Rosin Firmer",Instrument,Contrebasse,1,1,Marque,"Cecilia Rosin",1,1,Modèle,Firmer,1,1,"Type produit",Colophane,1,1,Taille,,0,1,Couleur,,0,0,Matière,,0,0,Poids,,0,0,Forme,,0,0,"Capacité archets",,0,0,Roulettes,,0,0,Variante,,0,0
7476,CDM-A5D20C,"Colophane contrebasse Cecilia Rosin Softer",Instrument,Contrebasse,1,1,Marque,"Cecilia Rosin",1,1,Modèle,Softer,1,1,"Type produit",Colophane,1,1,Taille,,0,1,Couleur,,0,0,Matière,,0,0,Poids,,0,0,Forme,,0,0,"Capacité archets",,0,0,Roulettes,,0,0,Variante,,0,0
7480,CDM-922059,"Colophane alto W. E. Hill Premium",Instrument,"Violon, Alto, Contrebasse",1,1,Marque,"W.E. Hill",1,1,Modèle,"W. E. Hill Premium",1,1,"Type produit",Colophane,1,1,Taille,,0,1,Couleur,,0,0,Matière,Bois,1,0,Poids,,0,0,Forme,,0,0,"Capacité archets",,0,0,Roulettes,,0,0,Variante,,0,0
7484,CDM-EBD5FE,"Colophane violon W. E. Hill Premium",Instrument,"Violon, Alto, Contrebasse",1,1,Marque,"W.E. Hill",1,1,Modèle,"W. E. Hill Premium",1,1,"Type produit",Colophane,1,1,Taille,,0,1,Couleur,,0,0,Matière,Bois,1,0,Poids,,0,0,Forme,,0,0,"Capacité archets",,0,0,Roulettes,,0,0,Variante,,0,0
7488,CDM-46D7CF,"Épaulière violon Wolf Forte Secondo pour zurdos 1/2-1/4",Instrument,Violon,1,1,Marque,Wolf,1,1,Modèle,"Forte Secondo",1,1,"Type produit",Épaulière,1,1,Taille,"1/2-1/4, 4/4-3/4",1,1,Couleur,,0,0,Matière,Aluminium,1,0,Poids,,0,0,Forme,,0,0,"Capacité archets",,0,0,Roulettes,,0,0,Variante,Forme,1,0
7491,CDM-ED2EE9,"Épaulière violon Wolf Forte Secondo pour zurdos 4/4-3/4",Instrument,Violon,1,1,Marque,Wolf,1,1,Modèle,"Forte Secondo",1,1,"Type produit",Épaulière,1,1,Taille,"4/4-3/4, 1/2-1/4",1,1,Couleur,,0,0,Matière,Aluminium,1,0,Poids,,0,0,Forme,,0,0,"Capacité archets",,0,0,Roulettes,,0,0,Variante,Forme,1,0
7493,CDM-7E8DAE,"Épaulière pour alto Wittner Isny adaptable pour mentonnières Wittner",Instrument,Alto,1,1,Marque,Wittner,1,1,Modèle,Isny,1,1,"Type produit",Épaulière,1,1,Taille,,0,1,Couleur,,0,0,Matière,,0,0,Poids,,0,0,Forme,,0,0,"Capacité archets",,0,0,Roulettes,,0,0,Variante,Forme,1,0
7494,CDM-3EB209,"Étui de violoncelle Artist Confort 4/4",Instrument,Violoncelle,1,1,Marque,Artist,1,1,Modèle,Confort,1,1,"Type produit",Étui,1,1,Taille,4/4,1,1,Couleur,"Blanc, Bleu, Lilas, Noir, Rose, Rouge, Turquoise, Vert",1,0,Matière,"Fibre de carbone, Cuir",1,0,Poids,"3,4 kg",1,0,Forme,"Finition 3D",1,0,"Capacité archets",,0,0,Roulettes,,0,0,Variante,,0,0
7496,CDM-61D0CD,"Épaulière pour violon Wittner Isny 4/4-3/4 adaptable pour mentonnières Wittner",Instrument,Violon,1,1,Marque,Wittner,1,1,Modèle,Isny,1,1,"Type produit",Épaulière,1,1,Taille,4/4-3/4,1,1,Couleur,,0,0,Matière,,0,0,Poids,,0,0,Forme,,0,0,"Capacité archets",,0,0,Roulettes,,0,0,Variante,Forme,1,0
7500,CDM-273BA7,"Épaulière violon/alto Wittner Isny adaptable pour mentonnières no Wittner",Instrument,"Violon, Alto",1,1,Marque,Wittner,1,1,Modèle,Isny,1,1,"Type produit",Épaulière,1,1,Taille,4/4,1,1,Couleur,,0,0,Matière,,0,0,Poids,,0,0,Forme,,0,0,"Capacité archets",,0,0,Roulettes,,0,0,Variante,Forme,1,0
7507,CDM-98937A,"Colophane violoncelle W. E. Hill Premium",Instrument,"Violon, Alto, Violoncelle, Contrebasse",1,1,Marque,"W.E. Hill",1,1,Modèle,"W. E. Hill Premium",1,1,"Type produit",Colophane,1,1,Taille,,0,1,Couleur,,0,0,Matière,Bois,1,0,Poids,,0,0,Forme,,0,0,"Capacité archets",,0,0,Roulettes,,0,0,Variante,,0,0
7511,CDM-131D6E,"Colophane contrebasse W. E. Hill Premium",Instrument,"Violon, Alto, Contrebasse",1,1,Marque,"W.E. Hill",1,1,Modèle,"W. E. Hill Premium",1,1,"Type produit",Colophane,1,1,Taille,,0,1,Couleur,,0,0,Matière,Bois,1,0,Poids,,0,0,Forme,,0,0,"Capacité archets",,0,0,Roulettes,,0,0,Variante,,0,0
7515,CDM-8F6916,"Sourdine violoncelle WMutes Concierto Noir brillant",Instrument,Violoncelle,1,1,Marque,WMutes,1,1,Modèle,Concierto,1,1,"Type produit",Sourdine,1,1,Taille,,0,1,Couleur,"Noir brillant",1,0,Matière,,0,0,Poids,,0,0,Forme,,0,0,"Capacité archets",,0,0,Roulettes,,0,0,Variante,,0,0
7517,CDM-CCEF46,"Étui pour archet de contrebasse Artist CS-1 Noir",Instrument,Contrebasse,1,1,Marque,Artist,1,1,Modèle,CS-1,1,1,"Type produit","Étui pour archet",1,1,Taille,,0,1,Couleur,Noir,1,0,Matière,"Fibre de carbone, Caoutchouc",1,0,Poids,"37 g",1,0,Forme,"Finition 3D",1,0,"Capacité archets",1,1,0,Roulettes,,0,0,Variante,,0,0
7520,CDM-7AAE40,"Colophane violoncelle Cecilia Rosin Signature Formula",Instrument,Violoncelle,1,1,Marque,"Cecilia Rosin",1,1,Modèle,"Signature Formula",1,1,"Type produit",Colophane,1,1,Taille,,0,1,Couleur,,0,0,Matière,,0,0,Poids,"24,5 g",1,0,Forme,,0,0,"Capacité archets",,0,0,Roulettes,,0,0,Variante,,0,0
7526,CDM-D569A9,"Colophane alto Cecilia Rosin Signature Formula",Instrument,Alto,1,1,Marque,"Cecilia Rosin",1,1,Modèle,"Signature Formula",1,1,"Type produit",Colophane,1,1,Taille,,0,1,Couleur,,0,0,Matière,,0,0,Poids,"24,5 g",1,0,Forme,,0,0,"Capacité archets",,0,0,Roulettes,,0,0,Variante,,0,0
7532,CDM-A01401,"Colophane violon Cecilia Rosin Signature Formula",Instrument,Violon,1,1,Marque,"Cecilia Rosin",1,1,Modèle,"Signature Formula",1,1,"Type produit",Colophane,1,1,Taille,,0,1,Couleur,,0,0,Matière,,0,0,Poids,"24,5 g",1,0,Forme,,0,0,"Capacité archets",,0,0,Roulettes,,0,0,Variante,,0,0
7538,CDM-130399,"Sourdine pour violoncelle Tourte 1 trou",Instrument,Violoncelle,1,1,Marque,Tourte,1,1,Modèle,"1 trou",1,1,"Type produit",Sourdine,1,1,Taille,,0,1,Couleur,,0,0,Matière,Caoutchouc,1,0,Poids,,0,0,Forme,,0,0,"Capacité archets",,0,0,Roulettes,,0,0,Variante,,0,0
7540,CDM-BE748E,"Sourdine pour violoncelle Tourte 2 trous",Instrument,Violoncelle,1,1,Marque,Tourte,1,1,Modèle,"2 trous",1,1,"Type produit",Sourdine,1,1,Taille,,0,1,Couleur,,0,0,Matière,Caoutchouc,1,0,Poids,,0,0,Forme,,0,0,"Capacité archets",,0,0,Roulettes,,0,0,Variante,,0,0
7542,CDM-835D1D,"Sourdine pour violoncelle Hill ébène",Instrument,Violoncelle,1,1,Marque,"W.E. Hill",1,1,Modèle,Hill,1,1,"Type produit",Sourdine,1,1,Taille,,0,1,Couleur,Ébène,1,0,Matière,Ébène,1,0,Poids,,0,0,Forme,,0,0,"Capacité archets",,0,0,Roulettes,,0,0,Variante,,0,0
7543,CDM-DB16CC,"Étui de violoncelle Artist Montagnana 4/4",Instrument,Violoncelle,1,1,Marque,Artist,1,1,Modèle,Montagnana,1,1,"Type produit",Étui,1,1,Taille,4/4,1,1,Couleur,"Blanc, Bleu, Lilas, Noir, Rouge, Turquoise",1,0,Matière,"Fibre de carbone, Cuir",1,0,Poids,"3,7 kg",1,0,Forme,"Finition 3D",1,0,"Capacité archets",,0,0,Roulettes,,0,0,Variante,,0,0
7545,CDM-58FC8C,"Étui pour 2 archets violon/alto/violoncelle Rapsody 150",Instrument,"Violon, Alto, Violoncelle",1,1,Marque,Rapsody,1,1,Modèle,150,1,1,"Type produit","Étui pour archet",1,1,Taille,,0,1,Couleur,,0,0,Matière,,0,0,Poids,,0,0,Forme,,0,0,"Capacité archets",2,1,0,Roulettes,,0,0,Variante,,0,0
7551,CDM-DBAE6A,"Étui de violon Rapsody rectangular CSV021 4/4",Instrument,Violon,1,1,Marque,Rapsody,1,1,Modèle,CSV021,1,1,"Type produit",Étui,1,1,Taille,"4/4, 3/4",1,1,Couleur,,0,0,Matière,,0,0,Poids,"2 kg",1,0,Forme,Rectangulaire,1,0,"Capacité archets",,0,0,Roulettes,,0,0,Variante,,0,0
7555,CDM-F900AC,"Étui de violon Rapsody rectangular CSV021 3/4",Instrument,Violon,1,1,Marque,Rapsody,1,1,Modèle,CSV021,1,1,"Type produit",Étui,1,1,Taille,"3/4, 4/4",1,1,Couleur,,0,0,Matière,,0,0,Poids,"2 kg",1,0,Forme,Rectangulaire,1,0,"Capacité archets",,0,0,Roulettes,,0,0,Variante,,0,0
7557,CDM-C36D43,"Colophane violoncelle Cecilia Rosin Sanctus",Instrument,Violoncelle,1,1,Marque,"Cecilia Rosin",1,1,Modèle,Sanctus,1,1,"Type produit",Colophane,1,1,Taille,,0,1,Couleur,,0,0,Matière,,0,0,Poids,"24,5 g",1,0,Forme,,0,0,"Capacité archets",,0,0,Roulettes,,0,0,Variante,,0,0
7564,CDM-69C692,"Colophane alto Cecilia Rosin Sanctus",Instrument,Alto,1,1,Marque,"Cecilia Rosin",1,1,Modèle,Sanctus,1,1,"Type produit",Colophane,1,1,Taille,,0,1,Couleur,,0,0,Matière,,0,0,Poids,"24,5 g",1,0,Forme,,0,0,"Capacité archets",,0,0,Roulettes,,0,0,Variante,,0,0
7571,CDM-473CAE,"Colophane violon Cecilia Rosin Sanctus",Instrument,Violon,1,1,Marque,"Cecilia Rosin",1,1,Modèle,Sanctus,1,1,"Type produit",Colophane,1,1,Taille,,0,1,Couleur,,0,0,Matière,,0,0,Poids,"24,5 g",1,0,Forme,,0,0,"Capacité archets",,0,0,Roulettes,,0,0,Variante,,0,0
7578,CDM-EFF4FF,"Sourdine pour violon Ultra",Instrument,Violon,1,1,Marque,Ultra,1,1,Modèle,Ultra,1,1,"Type produit",Sourdine,1,1,Taille,,0,1,Couleur,,0,0,Matière,Caoutchouc,1,0,Poids,,0,0,Forme,,0,0,"Capacité archets",,0,0,Roulettes,,0,0,Variante,,0,0
7580,CDM-0E5F71,"Colophane violoncelle Thomastik Ti TIVC01",Instrument,Violoncelle,1,1,Marque,Thomastik,1,1,Modèle,"Ti TIVC01",1,1,"Type produit",Colophane,1,1,Taille,,0,1,Couleur,,0,0,Matière,,0,0,Poids,,0,0,Forme,,0,0,"Capacité archets",,0,0,Roulettes,,0,0,Variante,,0,0
7582,CDM-519C6F,"Colophane alto Thomastik Ti TIVA01",Instrument,Alto,1,1,Marque,Thomastik,1,1,Modèle,"Ti TIVA01",1,1,"Type produit",Colophane,1,1,Taille,,0,1,Couleur,,0,0,Matière,,0,0,Poids,,0,0,Forme,,0,0,"Capacité archets",,0,0,Roulettes,,0,0,Variante,,0,0
7584,CDM-00B030,"Épaulière violon Viva La Musica Augustin Diamond 4/4",Instrument,Violon,1,1,Marque,"Viva La Musica",1,1,Modèle,"Augustin Diamond",1,1,"Type produit",Épaulière,1,1,Taille,4/4,1,1,Couleur,,0,0,Matière,Érable,1,0,Poids,"904434 g",1,0,Forme,,0,0,"Capacité archets",,0,0,Roulettes,,0,0,Variante,,0,0
7632,CDM-85E720,"Étui de violon Rapsody rectangular City 4/4",Instrument,Violon,1,1,Marque,Rapsody,1,1,Modèle,City,1,1,"Type produit",Étui,1,1,Taille,4/4,1,1,Couleur,"Bleu, Gris",1,0,Matière,,0,0,Poids,"1,75 kg",1,0,Forme,Rectangulaire,1,0,"Capacité archets",,0,0,Roulettes,,0,0,Variante,,0,0
7635,CDM-6C02C4,"Épaulière alto Viva La Musica Augustin Diamond 4/4",Instrument,Alto,1,1,Marque,"Viva La Musica",1,1,Modèle,"Augustin Diamond",1,1,"Type produit",Épaulière,1,1,Taille,4/4,1,1,Couleur,,0,0,Matière,Érable,1,0,Poids,,0,0,Forme,,0,0,"Capacité archets",,0,0,Roulettes,,0,0,Variante,,0,0
7670,CDM-21FA31,"Sourdine pour alto Ultra",Instrument,Alto,1,1,Marque,Ultra,1,1,Modèle,Ultra,1,1,"Type produit",Sourdine,1,1,Taille,,0,1,Couleur,,0,0,Matière,Caoutchouc,1,0,Poids,,0,0,Forme,,0,0,"Capacité archets",,0,0,Roulettes,,0,0,Variante,,0,0
7672,CDM-79720E,"Nettoyant et lubrifiant pour cordes D'Addario XLR8",Instrument,,0,1,Marque,D'Addario,1,1,Modèle,XLR8,1,1,"Type produit",Entretien,1,1,Taille,,0,1,Couleur,,0,0,Matière,,0,0,Poids,,0,0,Forme,,0,0,"Capacité archets",,0,0,Roulettes,,0,0,Variante,,0,0
7676,CDM-CF793D,"Épaulière violon Kun Bravo",Instrument,Violon,1,1,Marque,Kun,1,1,Modèle,Bravo,1,1,"Type produit",Épaulière,1,1,Taille,4/4,1,1,Couleur,,0,0,Matière,Érable,1,0,Poids,,0,0,Forme,,0,0,"Capacité archets",,0,0,Roulettes,,0,0,Variante,Forme,1,0
7688,CDM-755B35,"Étui de violon Rapsody rectangular City 4/4 Purple Morado",Instrument,Violon,1,1,Marque,Rapsody,1,1,Modèle,City,1,1,"Type produit",Étui,1,1,Taille,4/4,1,1,Couleur,,0,0,Matière,,0,0,Poids,"1,75 kg",1,0,Forme,Rectangulaire,1,0,"Capacité archets",,0,0,Roulettes,,0,0,Variante,,0,0
7693,CDM-8F1786,"Épaulière pour violon Kun Bravo Style Icon Flowers",Instrument,Violon,1,1,Marque,Kun,1,1,Modèle,"Bravo Style Icon Flowers",1,1,"Type produit",Épaulière,1,1,Taille,4/4,1,1,Couleur,,0,0,Matière,Érable,1,0,Poids,,0,0,Forme,,0,0,"Capacité archets",,0,0,Roulettes,,0,0,Variante,Forme,1,0
7695,CDM-C5EBEC,"Épaulière pour violon Kun Bravo Style Icon Waves",Instrument,Violon,1,1,Marque,Kun,1,1,Modèle,"Bravo Style Icon Waves",1,1,"Type produit",Épaulière,1,1,Taille,4/4,1,1,Couleur,,0,0,Matière,Érable,1,0,Poids,,0,0,Forme,,0,0,"Capacité archets",,0,0,Roulettes,,0,0,Variante,Forme,1,0
7697,CDM-37E905,"Colophane violí Thomastik Ti TIVO01",Instrument,Violon,1,1,Marque,Thomastik,1,1,Modèle,"Ti TIVO01",1,1,"Type produit",Colophane,1,1,Taille,,0,1,Couleur,,0,0,Matière,,0,0,Poids,,0,0,Forme,,0,0,"Capacité archets",,0,0,Roulettes,,0,0,Variante,,0,0
7698,CDM-57CA83,"Sourdine pour alto WMutes Duo Pack Matte silver Plateado mate",Instrument,"Violon, Alto",1,1,Marque,WMutes,1,1,Modèle,"Duo Pack",1,1,"Type produit",Sourdine,1,1,Taille,,0,1,Couleur,,0,0,Matière,Bois,1,0,Poids,,0,0,Forme,,0,0,"Capacité archets",,0,0,Roulettes,,0,0,Variante,,0,0
7700,CDM-90EBE9,"Épaulière alto Kun Bravo",Instrument,Alto,1,1,Marque,Kun,1,1,Modèle,Bravo,1,1,"Type produit",Épaulière,1,1,Taille,"15""-16,5""",1,1,Couleur,,0,0,Matière,Érable,1,0,Poids,,0,0,Forme,,0,0,"Capacité archets",,0,0,Roulettes,,0,0,Variante,Forme,1,0
7704,CDM-B1424B,"Étui d’alto Rapsody Elegance rectangular 15""""-15,5""""",Instrument,"Violon, Alto",1,1,Marque,Rapsody,1,1,Modèle,Elegance,1,1,"Type produit",Étui,1,1,Taille,"15""-15,5""",1,1,Couleur,,0,0,Matière,,0,0,Poids,,0,0,Forme,Rectangulaire,1,0,"Capacité archets",,0,0,Roulettes,,0,0,Variante,,0,0
7708,CDM-1C6CBB,"Étui d’alto Rapsody Elegance rectangular 16"""" – 16,5""""",Instrument,"Violon, Alto",1,1,Marque,Rapsody,1,1,Modèle,Elegance,1,1,"Type produit",Étui,1,1,Taille,"16""-16,5"", 16""",1,1,Couleur,,0,0,Matière,,0,0,Poids,,0,0,Forme,Rectangulaire,1,0,"Capacité archets",,0,0,Roulettes,,0,0,Variante,,0,0
7710,CDM-4E4967,"Étui d’alto Rapsody rectangular CSL003A",Instrument,"Violon, Alto",1,1,Marque,Rapsody,1,1,Modèle,CSL003A,1,1,"Type produit",Étui,1,1,Taille,"14"", 17""",1,1,Couleur,,0,0,Matière,,0,0,Poids,"2,5 kg",1,0,Forme,"Rectangulaire, Avec poche partitions",1,0,"Capacité archets",4,1,0,Roulettes,,0,0,Variante,,0,0
